Year,Month,Day,Hour,Minute,Area,R,Sp,G,Longitude,Latitude,L0,B0,P,q,Rot,Atl,Azm,x_sp,x_rot,y_sp,y_rot,z_sp,z_rot
1612,5,3,13,18,105,38.9,2,2,39.63,18.54,72.33,-3.29,-24.02,37.19,-61.2,51.38,233.63,57.98,-415.43,505.94,294.54,631.18,631.18
1612,5,3,13,18,144,43.26,3,2,34.53,18.82,72.33,-3.29,-24.02,37.19,-61.2,51.38,233.63,32.78,-470.44,554.87,296.03,590.57,590.57
1612,5,3,13,18,193,36.58,4,3,102.2,-26.05,72.33,-3.29,-24.02,37.19,-61.2,51.38,233.63,-104.9,362.92,-471.82,-319.23,651.23,651.23
1612,5,3,13,18,163,27.55,5,4,87.57,-26.66,72.33,-3.29,-24.02,37.19,-61.2,51.38,233.63,-191.42,190.46,-322.58,-323.15,719.04,719.04
1612,5,3,13,18,151,26.86,6,4,82.64,-28.29,72.33,-3.29,-24.02,37.19,-61.2,51.38,233.63,-239.37,127.77,-277.4,-343.4,723.51,723.51
1612,5,3,13,18,223,4.05,7,5,72.29,-7.34,72.33,-3.29,-24.02,37.19,-61.2,51.38,233.63,-50.45,-0.54,-27.12,-57.27,808.98,808.98
1612,5,3,13,18,94,7.69,8,5,67.68,-9.44,72.33,-3.29,-24.02,37.19,-61.2,51.38,233.63,-107.48,-64.81,14.87,-87.02,803.71,803.71
1612,5,3,13,18,130,34.94,9,6,50.49,-31.56,72.33,-3.29,-24.02,37.19,-61.2,51.38,233.63,-462.89,-257.08,38.9,-386.9,664.79,664.79
1612,5,3,13,18,58,36.87,10,6,46.22,-30.72,72.33,-3.29,-24.02,37.19,-61.2,51.38,233.63,-478.8,-306.85,86.94,-377.69,648.78,648.78
1612,5,3,13,18,263,54.24,11,7,18.05,-1.76,72.33,-3.29,-24.02,37.19,-61.2,51.38,233.63,-315.01,-658.09,577.8,2.31,473.96,473.96
1612,5,3,13,18,260,56.77,12,7,15.56,-1.04,72.33,-3.29,-24.02,37.19,-61.2,51.38,233.63,-317.3,-678.27,599.57,10.79,444.47,444.47
1612,5,3,13,18,314,56.27,13,7,15.95,-3.4,72.33,-3.29,-24.02,37.19,-61.2,51.38,233.63,-344.33,-674.13,579.99,-22.33,450.3,450.3
1612,5,3,13,18,412,63.83,14,8,8.35,-4.48,72.33,-3.29,-24.02,37.19,-61.2,51.38,233.63,-387.61,-726.57,616.04,-42.88,357.73,357.73
1612,5,3,13,18,373,66.2,15,8,5.91,-7.58,72.33,-3.29,-24.02,37.19,-61.2,51.38,233.63,-432.3,-736.77,603.11,-88.28,327.26,327.26
1612,5,3,13,18,684,71.03,16,9,1.44,-21.59,72.33,-3.29,-24.02,37.19,-61.2,51.38,233.63,-591.88,-712.57,487.76,-283.69,263.6,263.6
1612,5,4,NaN,NaN,2999,33.71,1,1,85.59,16.11,NaN,NaN,NaN,NaN,-75.6,NaN,NaN,345.33,365.44,-288.62,262.71,674.66,674.66
1612,5,4,NaN,NaN,56,31.61,2,2,37.11,21.25,NaN,NaN,NaN,NaN,-75.6,NaN,NaN,256.31,-264.77,339.17,332.61,690.64,690.64
1612,5,4,NaN,NaN,74,34.06,3,2,33.98,21.84,NaN,NaN,NaN,NaN,-75.6,NaN,NaN,253.65,-301.82,376.73,339.37,671.9,671.9
1612,5,4,NaN,NaN,163,43.96,4,3,99.03,-20.75,NaN,NaN,NaN,NaN,-75.6,NaN,NaN,-122.63,501.66,-549.42,-255.41,583.8,583.8
1612,5,4,NaN,NaN,175,35.57,5,4,85.34,-26.88,NaN,NaN,NaN,NaN,-75.6,NaN,NaN,-236.63,336.46,-408.13,-330.7,659.66,659.66
1612,5,4,NaN,NaN,66,36.02,6,4,83.18,-29.84,NaN,NaN,NaN,NaN,-75.6,NaN,NaN,-280.84,303.48,-385.43,-367.87,655.97,655.97
1612,5,4,NaN,NaN,123,16.17,7,5,73.57,-6.13,NaN,NaN,NaN,NaN,-75.6,NaN,NaN,12.83,221.56,-225.46,-43.64,778.93,778.93
1612,5,4,NaN,NaN,78,12.85,8,5,70.28,-5.57,NaN,NaN,NaN,NaN,-75.6,NaN,NaN,10.05,176.96,-180.12,-35.06,790.68,790.68
1612,5,4,NaN,NaN,111,25.67,9,6,50.11,-27.82,NaN,NaN,NaN,NaN,-75.6,NaN,NaN,-351.28,-93.71,6.56,-338.62,730.94,730.94
1612,5,4,NaN,NaN,102,28.88,10,6,46.4,-30.02,NaN,NaN,NaN,NaN,-75.6,NaN,NaN,-389.53,-136.65,41.07,-367.08,710.14,710.14
1612,5,4,NaN,NaN,218,37.32,11,7,20.29,-1.72,NaN,NaN,NaN,NaN,-75.6,NaN,NaN,-111.21,-491.52,478.91,11.38,644.98,644.98
1612,5,4,NaN,NaN,126,39.68,12,7,17.89,-2.6,NaN,NaN,NaN,NaN,-75.6,NaN,NaN,-131.04,-517.84,500.99,-2.33,624.15,624.15
1612,5,4,NaN,NaN,176,38.01,13,7,19.54,-3.76,NaN,NaN,NaN,NaN,-75.6,NaN,NaN,-141.36,-499.06,478.96,-17.81,639.01,639.01
1612,5,4,NaN,NaN,135,47.08,14,8,10.44,-3.87,NaN,NaN,NaN,NaN,-75.6,NaN,NaN,-171.01,-593.45,568.79,-24.18,552.23,552.23
1612,5,4,NaN,NaN,47,46.55,15,8,11.03,-7.18,NaN,NaN,NaN,NaN,-75.6,NaN,NaN,-213.73,-584.5,548.58,-70.59,557.76,557.76
1612,5,4,NaN,NaN,398,56.64,16,9,2.01,-19.57,NaN,NaN,NaN,NaN,-75.6,NaN,NaN,-396.41,-630.58,549.26,-247.36,445.98,445.98
1612,5,4,NaN,NaN,299,75.36,17,10,342.18,-22.93,NaN,NaN,NaN,NaN,-75.6,NaN,NaN,-475.28,-722.92,624.34,-305.08,205.02,205.02
1612,5,5,NaN,NaN,3232,42.14,1,1,83.42,13.61,NaN,NaN,NaN,NaN,-79.2,NaN,NaN,312.32,496.27,-445.64,223.29,601.32,601.32
1612,5,5,NaN,NaN,52,22.94,2,2,38.79,19.2,NaN,NaN,NaN,NaN,-79.2,NaN,NaN,287.63,-74.74,130.96,307.08,746.89,746.89
1612,5,5,NaN,NaN,31,24.91,3,2,33.86,19.59,NaN,NaN,NaN,NaN,-79.2,NaN,NaN,279.98,-139.72,195.65,311.68,735.56,735.56
1612,5,5,NaN,NaN,53,27.25,18,2,32.38,21.52,NaN,NaN,NaN,NaN,-79.2,NaN,NaN,301.12,-157.03,217.3,336.5,720.99,720.99
1612,5,5,NaN,NaN,151,46.54,5,4,83.73,-31.29,NaN,NaN,NaN,NaN,-79.2,NaN,NaN,-302.68,439.29,-504.95,-391.93,557.79,557.79
1612,5,5,NaN,NaN,107,27.54,7,5,71.52,-8.63,NaN,NaN,NaN,NaN,-79.2,NaN,NaN,-13.39,365.6,-374.75,-83.38,719.1,719.1
1612,5,5,NaN,NaN,101,22.32,8,5,66.27,-7.97,NaN,NaN,NaN,NaN,-79.2,NaN,NaN,-15.06,299.3,-307.58,-72.43,750.26,750.26
1612,5,5,NaN,NaN,211,25.9,10,6,44.95,-28.95,NaN,NaN,NaN,NaN,-79.2,NaN,NaN,-346.58,6.91,-73.14,-354.14,729.56,729.56
1612,5,5,NaN,NaN,220,27.61,11,7,16.81,-5.46,NaN,NaN,NaN,NaN,-79.2,NaN,NaN,-108.19,-373.84,359.95,-38.83,718.65,718.65
1612,5,5,NaN,NaN,217,30.45,12,7,13.94,-5.25,NaN,NaN,NaN,NaN,-79.2,NaN,NaN,-112.99,-409.3,395.12,-36.95,699.16,699.16
1612,5,5,NaN,NaN,221,29.46,13,7,15.17,-7.76,NaN,NaN,NaN,NaN,-79.2,NaN,NaN,-144.11,-392.33,371.92,-71.87,706.14,706.14
1612,5,5,NaN,NaN,47,36.29,14,8,8.07,-5.39,NaN,NaN,NaN,NaN,-79.2,NaN,NaN,-130.27,-478.23,462,-41.39,653.68,653.68
1612,5,5,NaN,NaN,36,38.48,15,8,5.93,-6.65,NaN,NaN,NaN,NaN,-79.2,NaN,NaN,-152.87,-501.08,480.96,-60.04,634.85,634.85
1612,5,5,NaN,NaN,182,52.8,16,9,353.4,-21.37,NaN,NaN,NaN,NaN,-79.2,NaN,NaN,-374.98,-586.91,525.96,-269.78,490.38,490.38
1612,5,6,13,27,2943,50.58,1,1,80.27,15.2,32.58,-2.96,-23.37,39.36,-62.8,50.67,237.25,477.71,578.83,-405.29,239.63,515.03,515.03
1612,5,6,13,27,72,23.15,2,2,37.65,19.64,32.58,-2.96,-23.37,39.36,-62.8,50.67,237.25,308,67.56,82.34,311.58,745.7,745.7
1612,5,6,13,27,64,24.21,3,2,32.34,21.25,32.58,-2.96,-23.37,39.36,-62.8,50.67,237.25,294.36,-3.07,154.73,332.53,739.68,739.68
1612,5,6,13,27,64,26.69,18,2,30.89,23.67,32.58,-2.96,-23.37,39.36,-62.8,50.67,237.25,313.33,-21.92,185.67,363.55,724.62,724.62
1612,5,6,13,27,170,32.64,7,5,65.27,-3.47,32.58,-2.96,-23.37,39.36,-62.8,50.67,237.25,187.64,437.26,-395.2,-13.76,682.89,682.89
1612,5,6,13,27,216,29.4,10,6,45.03,-29.89,32.58,-2.96,-23.37,39.36,-62.8,50.67,237.25,-258.1,151.66,-303.16,-368.13,706.54,706.54
1612,5,6,13,27,233,19.04,11,7,13.53,-2.14,32.58,-2.96,-23.37,39.36,-62.8,50.67,237.25,-112.55,-264.44,239.48,9.36,766.62,766.62
1612,5,6,13,27,146,21.48,12,7,11.06,-3.4,32.58,-2.96,-23.37,39.36,-62.8,50.67,237.25,-143.76,-296.86,259.88,-9.07,754.66,754.66
1612,5,6,13,27,198,19.32,13,7,13.3,-4.76,32.58,-2.96,-23.37,39.36,-62.8,50.67,237.25,-146.68,-266.85,224.65,-27.78,765.34,765.34
1612,5,6,13,27,73,28.64,14,8,3.95,-1.56,32.58,-2.96,-23.37,39.36,-62.8,50.67,237.25,-164.48,-388.4,352.16,14.68,711.8,711.8
1612,5,6,13,27,464,29.16,15,8,3.38,-3.67,32.58,-2.96,-23.37,39.36,-62.8,50.67,237.25,-194.17,-394.81,344.11,-15.41,708.24,708.24
1612,5,6,13,27,180,41.7,16,9,353.03,-18.52,32.58,-2.96,-23.37,39.36,-62.8,50.67,237.25,-425.39,-489.62,331.87,-226.65,605.5,605.5
1612,5,6,13,27,30,44.22,19,9,349.89,-17.16,32.58,-2.96,-23.37,39.36,-62.8,50.67,237.25,-426.55,-525.34,371.44,-209.59,581.21,581.21
1612,5,7,12,51,3812,63.19,1,1,80.92,15.11,19.68,-2.85,-23.14,32.82,-56,55.97,225.88,574.37,686.38,-440.51,229.85,365.75,365.75
1612,5,7,12,51,100,27.35,2,2,38.49,17.23,19.68,-2.85,-23.14,32.82,-56,55.97,225.88,368.89,249.79,-52.49,276.47,720.34,720.34
1612,5,7,12,51,154,24.14,18,2,30.57,18.78,19.68,-2.85,-23.14,32.82,-56,55.97,225.88,328.43,145.05,46.56,298.32,740.06,740.06
1612,5,7,12,51,95,51.75,7,5,71.43,-8.23,19.68,-2.85,-23.14,32.82,-56,55.97,225.88,276.82,630.35,-573.62,-91.27,502.05,502.05
1612,5,7,12,51,169,48.09,22,5,67.78,-7.24,19.68,-2.85,-23.14,32.82,-56,55.97,225.88,272.44,598.81,-538.53,-75.28,541.74,541.74
1612,5,7,12,51,183,46.26,23,5,65.83,-8.84,19.68,-2.85,-23.14,32.82,-56,55.97,225.88,242.93,577.93,-533.25,-96.8,560.67,560.67
1612,5,7,12,51,246,37.32,10,6,45.11,-31.48,19.68,-2.85,-23.14,32.82,-56,55.97,225.88,-158.79,296.95,-465.3,-391.84,644.98,644.98
1612,5,7,12,51,798,6.6,20,7,14.24,-6.61,19.68,-2.85,-23.14,32.82,-56,55.97,225.88,-86.94,-76.46,33.59,-53.29,805.63,805.63
1612,5,7,12,51,116,11.85,14,8,8.21,-5.98,19.68,-2.85,-23.14,32.82,-56,55.97,225.88,-127,-160.37,107.78,-45.02,793.71,793.71
1612,5,7,12,51,474,15.34,15,8,4.82,-6.86,19.68,-2.85,-23.14,32.82,-56,55.97,225.88,-163.63,-206.51,138.73,-58.08,782.11,782.11
1612,5,7,12,51,212,32.73,16,9,352.39,-22.08,19.68,-2.85,-23.14,32.82,-56,55.97,225.88,-417.56,-344.6,134.02,-271.23,682.2,682.2
1612,5,7,12,51,170,34.82,21,11,38.28,26.98,19.68,-2.85,-23.14,32.82,-56,55.97,225.88,461.84,230.48,33.5,401.62,665.81,665.81
1612,5,8,NaN,NaN,2668,74.96,1,1,78.48,14.03,NaN,NaN,NaN,NaN,-84.4,NaN,NaN,279.63,755.39,-731.59,206.9,210.48,210.48
1612,5,8,NaN,NaN,116,44.15,2,2,43.48,19.65,NaN,NaN,NaN,NaN,-84.4,NaN,NaN,345.98,478.14,-446.51,300.75,581.93,581.93
1612,5,8,NaN,NaN,141,39.64,18,2,36.2,22.31,NaN,NaN,NaN,NaN,-84.4,NaN,NaN,374.54,391.84,-357,337.92,624.49,624.49
1612,5,8,NaN,NaN,364,12.46,11,7,17.19,-3,NaN,NaN,NaN,NaN,-84.4,NaN,NaN,12.27,174.94,-174.58,-4.82,791.89,791.89
1612,5,8,NaN,NaN,179,10.13,12,7,14.69,-4.6,NaN,NaN,NaN,NaN,-84.4,NaN,NaN,-13.28,140,-141.98,-27.07,798.37,798.37
1612,5,8,NaN,NaN,271,13.14,13,7,17.35,-6.52,NaN,NaN,NaN,NaN,-84.4,NaN,NaN,-37.13,176.14,-180.63,-54.57,789.76,789.76
1612,5,8,NaN,NaN,236,3.48,14,8,5.92,-5.99,NaN,NaN,NaN,NaN,-84.4,NaN,NaN,-44.36,16.86,-21.29,-46.23,809.51,809.51
1612,5,8,NaN,NaN,294,20.49,16,9,353.95,-20.31,NaN,NaN,NaN,NaN,-84.4,NaN,NaN,-258.4,-142.11,117.46,-245.7,759.71,759.71
1612,5,8,NaN,NaN,151,31.21,24,12,344.04,-26.85,NaN,NaN,NaN,NaN,-84.4,NaN,NaN,-356.98,-255.51,221.74,-333.64,693.63,693.63
1612,5,9,NaN,NaN,803,28.27,20,7,19.76,-4.27,NaN,NaN,NaN,NaN,-76.2,NaN,NaN,64.33,383.05,-378.63,-27.84,714.3,714.3
1612,5,9,NaN,NaN,306,19.55,14,8,10.84,-5.84,NaN,NaN,NaN,NaN,-76.2,NaN,NaN,17.44,267.21,-270.86,-47.67,764.23,764.23
1612,5,9,NaN,NaN,441,18.74,16,9,0.15,-19.33,NaN,NaN,NaN,NaN,-76.2,NaN,NaN,-199.47,115.17,-167.59,-233.69,768.01,768.01
1612,5,9,NaN,NaN,475,59.43,25,13,294.7,-26.9,NaN,NaN,NaN,NaN,-76.2,NaN,NaN,-482.79,-605.1,504.51,-348.51,412.44,412.44
1612,5,10,14,16,205,34.77,26,7,14.03,-3.09,339.22,-2.51,-22.39,45.83,-68.2,43.46,251.05,158.19,462.32,-434.66,-14.54,666.16,666.16
1612,5,10,14,16,244,34.69,27,7,13.89,-5.13,339.22,-2.51,-22.39,45.83,-68.2,43.46,251.05,130.42,459.52,-442.75,-43.33,666.85,666.85
1612,5,10,14,16,154,25.3,28,8,4.473,-4.89,339.22,-2.51,-22.39,45.83,-68.2,43.46,251.05,93.48,344.65,-333.8,-37.17,733.18,733.18
1612,5,10,14,16,148,24.9,29,8,3.87,-6.58,339.22,-2.51,-22.39,45.83,-68.2,43.46,251.05,68.35,336.05,-334.6,-60.8,735.59,735.59
1612,5,10,14,16,534,24.63,16,9,354.62,-22.07,339.22,-2.51,-22.39,45.83,-68.2,43.46,251.05,-179.1,199.55,-286.56,-272.71,737.24,737.24
1612,5,10,14,16,293,55.98,25,13,286.78,-27.68,339.22,-2.51,-22.39,45.83,-68.2,43.46,251.05,-543.15,-569.35,395.95,-357.26,453.79,453.79
1612,5,10,14,16,52,28.69,30,14,316.48,-20.72,339.22,-2.51,-22.39,45.83,-68.2,43.46,251.05,-346.71,-293.26,177.18,-256.11,711.42,711.42
1612,5,10,14,16,34,30.9,31,14,314.21,-21.56,339.22,-2.51,-22.39,45.83,-68.2,43.46,251.05,-367.17,-318.94,196.65,-267.88,695.87,695.87
1612,5,10,14,16,56,43.33,32,15,300.32,17.68,339.22,-2.51,-22.39,45.83,-68.2,43.46,251.05,72.62,-485.3,551.73,272.32,589.95,589.95
1612,5,11,12,56,431,46.14,26,7,13.93,0.12,326.73,-2.4,-22.15,34.84,-57,56.16,228.79,344.91,595.08,-485.56,24.81,550.44,550.44
1612,5,11,12,56,409,33.8,27,7,12.92,-2.52,326.73,-2.4,-22.15,34.84,-57,56.16,228.79,308.25,584.67,-496.96,-12.15,561.9,561.9
1612,5,11,12,56,131,33.8,28,8,0.56,-3.26,326.73,-2.4,-22.15,34.84,-57,56.16,228.79,230.48,450.79,-387.83,-17.93,673.94,673.94
1612,5,11,12,56,422,30.8,16,9,354.04,-17.56,326.73,-2.4,-22.15,34.84,-57,56.16,228.79,12.27,354.78,-415.06,-215.77,696.63,696.63
1612,5,11,12,56,32,32.51,33,9,353.94,-21.25,326.73,-2.4,-22.15,34.84,-57,56.16,228.79,-34.47,345.62,-434.49,-265.54,683.92,683.92
1612,5,11,12,56,303,47.26,25,13,286.16,-22,326.73,-2.4,-22.15,34.84,-57,56.16,228.79,-500.89,-489.02,257.81,-279.67,583.41,583.41
1612,5,11,12,56,578,18.07,30,14,317.05,-17.77,326.73,-2.4,-22.15,34.84,-57,56.16,228.79,-251.47,-129.88,-8.44,-215.49,770.98,770.98
1612,5,11,12,56,21,20.42,34,14,312.94,-17.69,326.73,-2.4,-22.15,34.84,-57,56.16,228.79,-280.49,-184.19,37.47,-214.83,760.03,760.03
1612,5,11,12,56,101,26.99,35,14,307.2,-21.58,326.73,-2.4,-22.15,34.84,-57,56.16,228.79,-362.27,-252.14,65.38,-268.22,722.64,722.64
1612,5,11,12,56,85,34.7,32,15,299.82,20.12,326.73,-2.4,-22.15,34.84,-57,56.16,228.79,69.94,-344.6,456.31,307.18,666.79,666.79
1612,5,11,12,56,62,64.11,36,16,265.52,20.32,326.73,-2.4,-22.15,34.84,-57,56.16,228.79,-114.21,-666.55,720.6,296.68,354.14,354.14
1612,6,2,12,31,829,60.61,37,1,95.86,11.34,35.84,0.22,-14.87,32.29,-47.17,63.13,223.21,260.34,307,-177.27,70.39,177.43,177.43
1612,6,2,12,31,66,37.32,38,1,71.29,12.78,35.84,0.22,-14.87,32.29,-47.17,63.13,223.21,196.87,204.47,-96.3,78.9,287.49,287.49
1612,6,2,12,31,255,39.6,39,1,71.41,18.96,35.84,0.22,-14.87,32.29,-47.17,63.13,223.21,220.56,198.86,-66.69,116.4,278.55,278.55
1612,6,2,12,31,176,19.75,40,17,40.23,19.5,35.84,0.22,-14.87,32.29,-47.17,63.13,223.21,105.24,26.04,62.06,119.37,340.23,340.23
1612,6,2,12,31,122,18.33,41,17,33.46,18.4,35.84,0.22,-14.87,32.29,-47.17,63.13,223.21,73.02,-14.26,87.15,112.79,343.16,343.16
1612,6,2,12,31,60,22.43,42,18,30.93,22.14,35.84,0.22,-14.87,32.29,-47.17,63.13,223.21,79.48,-28.66,112.77,134.95,334.14,334.14
1612,6,2,12,31,152,24.43,43,18,27.34,23.21,35.84,0.22,-14.87,32.29,-47.17,63.13,223.21,70.15,-49.14,132.05,141.22,329.13,329.13
1612,6,2,12,31,335,68.59,44,19,328.54,19.46,35.84,0.22,-14.87,32.29,-47.17,63.13,223.21,-125.85,-314.46,312.13,119.92,131.97,131.97
1612,6,2,12,31,221,77.48,45,20,112.98,-12.26,35.84,0.22,-14.87,32.29,-47.17,63.13,223.21,177.63,344.39,-304.95,-77.06,78.35,78.35
1612,6,2,12,31,423,70.47,46,20,105.76,-12.64,35.84,0.22,-14.87,32.29,-47.17,63.13,223.21,166.88,331.28,-297.03,-79.56,120.86,120.86
1612,6,2,12,31,82,62.28,47,21,96.22,-19.34,35.84,0.22,-14.87,32.29,-47.17,63.13,223.21,113.31,296.5,-299.27,-120.37,168.16,168.16
1612,6,2,12,31,101,53.56,48,21,87.19,-17.7,35.84,0.22,-14.87,32.29,-47.17,63.13,223.21,101.66,268.94,-272.48,-110.7,214.71,214.71
1612,6,2,12,31,34,25.12,49,22,13.4,-11.35,35.84,0.22,-14.87,32.29,-47.17,63.13,223.21,-145.1,-135.32,50.01,-72.41,327.3,327.3
1612,6,2,12,31,65,27.56,50,22,9.88,-9.35,35.84,0.22,-14.87,32.29,-47.17,63.13,223.21,-150.12,-156.15,73.76,-59.95,320.48,320.48
1612,6,3,12,21,345,70.13,37,1,92.53,10.8,22.7,0.34,-14.48,29.29,-43.77,64.44,218.78,286.66,332.85,-181.93,66.93,122.69,122.69
1612,6,3,12,21,169,44.81,39,1,64.93,17.1,22.7,0.34,-14.48,239.83,231.89,-84.85,104.63,256.13,256.13,,,,
1612,6,3,12,21,60,21.61,40,17,36.57,17.09,22.7,0.34,-14.48,29.29,-43.77,64.44,218.78,131.76,82.69,18,104.14,335.62,335.62
1612,6,3,12,21,51,16.11,41,17,28.46,15.41,22.7,0.34,-14.48,29.29,-43.77,64.44,218.78,90.18,34.9,43.68,93.92,346.82,346.82
1612,6,3,12,21,39,20.36,42,18,26.38,20.37,22.7,0.34,-14.48,29.29,-43.77,64.44,218.78,101.27,21.74,74.29,123.7,338.45,338.45
1612,6,3,12,21,46,20.76,43,18,23.56,21.08,22.7,0.34,-14.48,29.29,-43.77,64.44,218.78,92.11,5.06,88.83,127.87,337.56,337.56
1612,6,3,12,21,532,66.78,44,19,317.25,19.23,22.7,0.34,-14.48,29.29,-43.77,64.44,218.78,-142.19,-310.04,299.75,118.09,142.31,142.31
1612,6,3,12,21,420,74.67,53,19,308.94,20.24,22.7,0.34,-14.48,29.29,-43.77,64.44,218.78,-148.83,-325.2,314.74,124.32,95.46,95.46
1612,6,3,12,21,118,58.53,48,21,79.28,-17.99,22.7,0.34,-14.48,29.29,-43.77,64.44,218.78,129.03,286.56,-279.55,-112.61,188.48,188.48
1612,6,3,12,21,118,19.41,49,16,10,-14.45,22.7,0.34,-14.48,29.29,-43.77,64.44,218.78,-119.2,-76.86,-13.32,-92.08,340.49,340.49
1612,6,3,12,21,25,20.43,50,16,7.28,-13.21,22.7,0.34,-14.48,29.29,-43.77,64.44,218.78,-125.94,-93.47,3.65,-84.49,338.3,338.3
1612,6,3,12,21,90,24.43,51,23,4.21,16.6,22.7,0.34,-14.48,29.29,-43.77,64.44,218.78,-9.2,-109.72,149,101.23,328.69,328.69
1612,6,3,12,21,50,29.09,52,23,359.5,18.43,22.7,0.34,-14.48,29.29,-43.77,64.44,218.78,-19.74,-134.9,174.41,112.29,315.46,315.46
1612,6,5,11,49,435,70.19,39,1,66.13,15.18,356.52,0.57,-13.69,17.09,-30.78,67.62,202.06,329.22,327.47,-87.2,93.54,122.7,122.7
1612,6,5,11,49,201,44.34,40,17,38.42,16.86,356.52,0.57,-13.69,17.09,-30.78,67.62,202.06,251.16,231.35,-30.41,102.4,258.92,258.92
1612,6,5,11,49,39,34.51,43,18,25.99,19.5,356.52,0.57,-13.69,17.09,-30.78,67.62,202.06,204.54,167.87,15.36,117.86,298.28,298.28
1612,6,5,11,49,174,40.57,44,19,318.88,17.13,356.52,0.57,-13.69,17.09,-30.78,67.62,202.06,-128.38,-211.29,197.35,103.86,274.98,274.98
1612,6,5,11,49,82,49.3,53,19,309.83,18.92,356.52,0.57,-13.69,17.09,-30.78,67.62,202.06,-155.25,-249.2,226.32,115.01,236.05,236.05
1612,6,5,11,49,112,53.74,54,19,304.78,18.18,356.52,0.57,-13.69,17.09,-30.78,67.62,202.06,-175.31,-270.05,233.39,110.82,214.1,214.1
1612,6,5,11,49,155,17.89,51,23,9.26,13.26,356.52,0.57,-13.69,17.09,-30.78,67.62,202.06,107.47,77.69,28.61,79.57,344.49,344.49
1612,6,5,11,49,427,15.52,52,23,359.43,15.83,356.52,0.57,-13.69,17.09,-30.78,67.62,202.06,63.94,17.7,72.77,95.23,348.8,348.8
1612,6,5,11,49,80,15.88,56,23,5.63,13.65,356.52,0.57,-13.69,17.09,-30.78,67.62,202.06,89.75,55.67,41.91,81.94,348.18,348.18
1612,6,5,11,49,501,66.29,55,24,290.68,12.2,356.52,0.57,-13.69,17.09,-30.78,67.62,202.06,-238.95,-322.83,229.69,75.06,145.56,145.56
1612,6,5,11,49,400,74.93,57,25,283.41,-24.6,356.52,0.57,-13.69,17.09,-30.78,67.62,202.06,-348.18,-314.95,30.89,-151.63,94.11,94.11
1612,6,6,11,46,82,59.18,40,17,40.75,19.14,343.31,0.69,-13.28,15.75,-29.03,67.92,200.29,308.11,287.84,-38,116.29,185.22,185.22
1612,6,6,11,46,44,49.79,41,17,30.99,17.55,343.31,0.69,-13.28,15.75,-29.03,67.92,200.29,274.36,254.84,-30.82,106.19,233.37,233.37
1612,6,6,11,46,40,50.33,43,18,30.28,21.72,343.31,0.69,-13.28,15.75,-29.03,67.92,200.29,278.21,245.49,-4.61,130.98,230.78,230.78
1612,6,6,11,46,361,32.33,44,19,316.25,19.2,343.31,0.69,-13.28,15.75,-29.03,67.92,200.29,-79.91,-155.31,176.07,115.17,305.45,305.45
1612,6,6,11,46,164,40.4,53,19,307.48,20.92,343.31,0.69,-13.28,15.75,-29.03,67.92,200.29,-111.83,-197.68,205.87,125.74,275.31,275.31
1612,6,6,11,46,164,42.46,54,19,304.27,19.12,343.31,0.69,-13.28,15.75,-29.03,67.92,200.29,-132.2,-215.14,205.14,115.21,266.69,266.69
1612,6,6,11,46,353,31.39,51,23,10.09,17.8,343.31,0.69,-13.28,15.75,-29.03,67.92,200.29,187.4,155.06,18.12,106.79,308.6,308.6
1612,6,6,11,46,543,23.79,52,23,358.01,19.64,343.31,0.69,-13.28,15.75,-29.03,67.92,200.29,132.56,86.39,60.82,117.5,330.77,330.77
1612,6,6,11,46,197,27.39,56,23,4.9202,18,343.31,0.69,-13.28,15.75,-29.03,67.92,200.29,163.04,126.63,32.81,107.81,320.98,320.98
1612,6,6,11,46,393,53.44,55,24,290.63,11.83,343.31,0.69,-13.28,15.75,-29.03,67.92,200.29,-211.35,-281.41,199.09,71.51,215.36,215.36
1612,6,6,11,46,141,58.73,59,24,285.4,13.6,343.31,0.69,-13.28,15.75,-29.03,67.92,200.29,-220.13,-297.69,216.82,82.75,187.66,187.66
1612,6,6,11,46,727,60.16,57,25,285.83,-21,343.31,0.69,-13.28,15.75,-29.03,67.92,200.29,-312.75,-284.58,22.93,-131.72,179.85,179.85
1612,6,6,11,46,177,22.76,58,26,322.26,9.6,343.31,0.69,-13.28,15.75,-29.03,67.92,200.29,-84.66,-128.04,111.32,56.25,333.35,333.35
1612,6,7,11,58,227,68.65,40,17,37.1,22.64,329.97,0.81,-12.87,20.94,-33.81,67.16,207.14,332.31,307.84,-57.01,137.52,131.77,131.77
1612,6,7,11,58,47,61.9,41,17,30.26,19.78,329.97,0.81,-12.87,20.94,-33.81,67.16,207.14,312.66,295.89,-64.86,120.06,170.53,170.53
1612,6,7,11,58,68,60.77,43,18,28.76,21.15,329.97,0.81,-12.87,20.94,-33.81,67.16,207.14,311.23,288.75,-54.18,128.14,176.77,176.77
1612,6,7,11,58,390,44.47,51,23,11.67,18.21,329.97,0.81,-12.87,20.94,-33.81,67.16,207.14,251,228.78,-36.34,109.45,258.31,258.31
1612,6,7,11,58,479,34.44,52,23,359.68,19.21,329.97,0.81,-12.87,20.94,-33.81,67.16,207.14,204.72,169.46,1.17,114.88,298.55,298.55
1612,6,7,11,58,273,22.66,44,19,319.55,21.07,329.97,0.81,-12.87,20.94,-33.81,67.16,207.14,19.05,-61.06,138.18,125.42,334.05,334.05
1612,6,7,11,58,196,29.88,53,19,309.27,22.92,329.97,0.81,-12.87,20.94,-33.81,67.16,207.14,-21.92,-117.81,179.02,136.56,313.87,313.87
1612,6,7,11,58,219,31.29,54,19,306.38,22.07,329.97,0.81,-12.87,20.94,-33.81,67.16,207.14,-38.28,-134.22,184.07,131.65,309.35,309.35
1612,6,7,11,58,470,36.94,55,24,295.17,14.28,329.97,0.81,-12.87,20.94,-33.81,67.16,207.14,-118.99,-200.22,182.16,85.16,289.32,289.32
1612,6,7,11,58,418,43.69,59,24,288.08,14.88,329.97,0.81,-12.87,20.94,-33.81,67.16,207.14,-144.41,-233.57,204.13,89.27,261.77,261.77
1612,6,7,11,58,254,46.91,57,25,287.27,-20.56,329.97,0.81,-12.87,20.94,-33.81,67.16,207.14,-263.66,-229.81,19.28,-130.67,247.29,247.29
1612,6,7,11,58,393,56.75,60,27,275.19,19.5,329.97,0.81,-12.87,20.94,-33.81,67.16,207.14,-165.95,-278.76,253.18,118.05,198.5,198.5
1612,6,8,11,57,250,17.41,44,19,320.01,18.05,316.74,0.93,-12.45,20.52,-32.97,67.34,206.56,74.35,19.61,78.57,106.38,344.94,344.94
1612,6,8,11,57,34,20.89,53,19,308.91,20.37,316.74,0.93,-12.45,20.52,-32.97,67.34,206.56,26.76,-46.18,126.1,120.35,337.74,337.74
1612,6,8,11,57,154,21.94,54,19,306.3,20.36,316.74,0.93,-12.45,20.52,-32.97,67.34,206.56,13.99,-61.39,134.35,120.32,335.32,335.32
1612,6,8,11,57,457,59.93,51,23,15.61,16.19,316.74,0.93,-12.45,20.52,-32.97,67.34,206.56,302.55,297.16,-79.64,97.85,181.11,181.11
1612,6,8,11,57,402,49.05,52,23,3.51,18.27,316.74,0.93,-12.45,20.52,-32.97,67.34,206.56,269.42,250.12,-44.28,109.49,236.92,236.92
1612,6,8,11,57,249,23.35,55,24,295.37,10.66,316.74,0.93,-12.45,20.52,-32.97,67.34,206.56,-75.13,-129.44,122.02,61.48,331.89,331.89
1612,6,8,11,57,238,28.14,59,24,291.35,13.6,316.74,0.93,-12.45,20.52,-32.97,67.34,206.56,-82.95,-150.66,148.95,79.81,318.77,318.77
1612,6,8,11,57,196,36.63,57,25,288.2,-22.95,316.74,0.93,-12.45,20.52,-32.97,67.34,206.56,-212.69,-159.02,-35.67,-145.68,290.12,290.12
1612,6,8,11,57,237,47.11,60,27,271.61,16.62,316.74,0.93,-12.45,20.52,-32.97,67.34,206.56,-151.84,-245.5,217.02,99.42,246.03,246.03
1612,6,8,11,57,93,42.68,61,28,359.03,7.68,316.74,0.93,-12.45,20.52,-32.97,67.34,206.56,226.21,241.09,-94.29,44.01,265.74,265.74
1612,6,8,11,57,39,19.58,62,29,331.61,13.86,316.74,0.93,-12.45,20.52,-32.97,67.34,206.56,119.66,90.06,18.96,81.03,340.6,340.6
1612,6,8,11,57,22,17.11,63,29,328.03,13.9,316.74,0.93,-12.45,20.52,-32.97,67.34,206.56,101.85,68.71,30.74,81.22,345.49,345.49
1612,6,8,11,57,61,11.26,64,29,324.51,9.11,316.74,0.93,-12.45,20.52,-32.97,67.34,206.56,68.5,48.26,16.92,51.48,354.55,354.55
1612,6,8,11,57,27,35.02,65,30,286.28,-17.1,316.74,0.93,-12.45,20.52,-32.97,67.34,206.56,-207.43,-175.17,2.12,-111.12,296.06,296.06
1612,6,8,11,57,18,36.35,66,30,284.09,-15.87,316.74,0.93,-12.45,20.52,-32.97,67.34,206.56,-213.75,-187.57,15.16,-103.62,291.14,291.14
1612,6,9,12,19,445,18.75,44,19,312.4,17.53,303.3,1.06,-12.02,28.9,-40.92,65.31,218.02,108.54,54.6,41.85,102.72,342.8,342.8
1612,6,9,12,19,240,18.53,54,19,301.73,19.52,303.3,1.06,-12.02,28.9,-40.92,65.31,218.02,68.04,-9.34,92.75,114.65,343.24,343.24
1612,6,9,12,19,359,65.36,51,23,8.1101,14.2,303.3,1.06,-12.02,28.9,-40.92,65.31,218.02,296.33,317.57,-143,86.05,150.95,150.95
1612,6,9,12,19,205,57.83,52,23,359.82,17.15,303.3,1.06,-12.02,28.9,-40.92,65.31,218.02,285.61,288.49,-110.96,103.24,192.76,192.76
1612,6,9,12,19,323,15.46,55,24,290.15,9.3,303.3,1.06,-12.02,28.9,-40.92,65.31,218.02,-27.27,-81.25,92.58,52.09,348.9,348.9
1612,6,9,12,19,204,21.52,59,24,283.35,9.39,303.3,1.06,-12.02,28.9,-40.92,65.31,218.02,-57.45,-121.85,119.74,52.85,336.76,336.76
1612,6,9,12,19,400,31.17,57,25,282.47,-22.6,303.3,1.06,-12.02,28.9,-40.92,65.31,218.02,-184.7,-118.85,-31.62,-144.87,309.73,309.73
1612,6,9,12,19,486,41.53,60,27,263.68,15.01,303.3,1.06,-12.02,28.9,-40.92,65.31,218.02,-110.32,-222.97,213.13,88.78,271.01,271.01
1612,6,9,12,19,142,44.69,61,28,347.53,8.66,303.3,1.06,-12.02,28.9,-40.92,65.31,218.02,221.25,249.65,-125.91,49.79,257.37,257.37
1612,6,9,12,19,31,46.95,67,28,350.09,5.95,303.3,1.06,-12.02,28.9,-40.92,65.31,218.02,219.9,262.45,-147,32.97,247.14,247.14
1612,6,9,12,19,48,30.86,62,29,330.84,15.71,303.3,1.06,-12.02,28.9,-40.92,65.31,218.02,182.23,161.14,-35.79,92.32,310.73,310.73
1612,6,9,12,19,44,26.38,63,29,326.03,14.91,303.3,1.06,-12.02,28.9,-40.92,65.31,218.02,159.25,135.19,-22.69,87.17,324.3,324.3
1612,6,9,12,19,203,28.57,65,30,280.71,-16.84,303.3,1.06,-12.02,28.9,-40.92,65.31,218.02,-173.09,-133.07,3.49,-110.74,317.92,317.92
1612,6,9,12,19,75,29.7,66,30,278.44,-15.65,303.3,1.06,-12.02,28.9,-40.92,65.31,218.02,-178.49,-146.52,17.78,-103.48,314.44,314.44
1612,6,10,12,1,339,31.34,44,19,316.59,18.9,290.23,1.17,-11.61,22.16,-33.77,67.19,208.72,187.59,151.67,7.68,110.65,308.34,308.34
1612,6,10,12,1,44,23.48,54,19,304.48,20.07,290.23,1.17,-11.61,22.16,-33.77,67.19,208.72,134.5,83.48,50.96,117.12,331.11,331.11
1612,6,10,12,1,503,10.25,55,24,291.72,11.32,290.23,1.17,-11.61,22.16,-33.77,67.19,208.72,43.01,9.22,47.73,63.59,355.24,355.24
1612,6,10,12,1,420,12.26,59,24,286.81,12.96,290.23,1.17,-11.61,22.16,-33.77,67.19,208.72,23.56,-20.97,72.96,73.75,352.76,352.76
1612,6,10,12,1,416,23.18,57,25,283.13,-20.94,290.23,1.17,-11.61,22.16,-33.77,67.19,208.72,-110.14,-41.67,-89.76,-135.84,331.86,331.86
1612,6,10,12,1,365,27.93,60,27,268.75,19.56,290.23,1.17,-11.61,22.16,-33.77,67.19,208.72,-39.94,-124.52,164.29,114.37,318.96,318.96
1612,6,10,12,1,147,57.16,61,28,347.03,10.34,290.23,1.17,-11.61,22.16,-33.77,67.19,208.72,280.83,297.16,-114.61,60.82,195.75,195.75
1612,6,10,12,1,187,62.1,67,28,352.21,8.03,290.23,1.17,-11.61,22.16,-33.77,67.19,208.72,288.43,315.57,-136.37,46.96,168.91,168.91
1612,6,10,12,1,69,19.6,65,30,281.32,-16.34,290.23,1.17,-11.61,22.16,-33.77,67.19,208.72,-104.92,-53.64,-60.42,-108.54,340.09,340.09
1612,6,10,12,1,93,65.47,68,31,226.5,-17.82,290.23,1.17,-11.61,22.16,-33.77,67.19,208.72,-319.3,-308.17,76.9,-113.55,149.86,149.86
1612,6,11,12,28,314,44.89,44,19,318.94,18.79,276.74,1.29,-11.17,31.86,-43.03,64.43,222.22,243.56,229.86,-75.94,110.68,256.11,256.11
1612,6,11,12,28,110,36.04,54,19,308.05,20.36,276.74,1.29,-11.17,31.86,-43.03,64.43,222.22,210.09,176.11,-33.02,119.21,292.33,292.33
1612,6,11,12,28,274,21.79,55,24,295.87,12.02,276.74,1.29,-11.17,31.86,-43.03,64.43,222.22,130.91,115.84,-29.52,67.75,335.67,335.67
1612,6,11,12,28,284,15.88,59,24,288.85,11.68,276.74,1.29,-11.17,31.86,-43.03,64.43,222.22,98.88,74.27,-2.92,65.34,347.7,347.7
1612,6,11,12,28,299,23.39,57,25,285.61,-20.42,276.74,1.29,-11.17,31.86,-43.03,64.43,222.22,-53.02,52.25,-133.38,-133.68,331.79,331.79
1612,6,11,12,28,306,17.71,60,27,277.09,19,276.74,1.29,-11.17,31.86,-43.03,64.43,222.22,76.54,2.06,78.98,109.96,344.36,344.36
1612,6,11,12,28,283,76.96,61,28,353.61,14.11,276.74,1.29,-11.17,31.86,-43.03,64.43,222.22,308.48,341.44,-169.9,86.29,81.59,81.59
1612,6,11,12,28,293,80.41,67,28,357.21,12.31,276.74,1.29,-11.17,31.86,-43.03,64.43,222.22,306.3,348.31,-182.3,75.75,60.23,60.23
1612,6,11,12,28,82,17.75,65,30,285.07,-14.42,276.74,1.29,-11.17,31.86,-43.03,64.43,222.22,-29.69,50.72,-106.13,-97.84,344.29,344.29
1612,6,11,12,28,22,15.44,71,30,280.24,-13.75,276.74,1.29,-11.17,31.86,-43.03,64.43,222.22,-48.35,21.45,-83.23,-93.83,348.45,348.45
1612,6,11,12,28,384,46,68,31,232.29,-11.54,276.74,1.29,-11.17,31.86,-43.03,64.43,222.22,-234.56,-248.05,112.23,-78.01,251.14,251.14
1612,6,11,12,28,85,50.8,72,31,227.56,-12.87,276.74,1.29,-11.17,31.86,-43.03,64.43,222.22,-253.43,-266.7,119.35,-85.69,228.5,228.5
1612,6,11,12,28,55,27.4,69,32,286.94,26.89,276.74,1.29,-11.17,31.86,-43.03,64.43,222.22,148.38,57.09,75.3,156.29,320.93,320.93
1612,6,11,12,28,86,26.63,70,32,282.14,27.42,276.74,1.29,-11.17,31.86,-43.03,64.43,222.22,130.71,30.18,95.8,159.22,323.14,323.14
1612,6,12,13,21,230,55.35,44,19,316.42,19.98,263.02,1.42,-10.73,43.89,-54.62,56.94,241.92,254.54,272.75,-153.76,118.49,205.55,205.55
1612,6,12,13,21,32,44.12,54,19,303.72,20.65,263.02,1.42,-10.73,43.89,-54.62,56.94,241.92,226.5,220.62,-109.73,121.13,259.5,259.5
1612,6,12,13,21,360,30.73,55,24,292.05,12.17,263.02,1.42,-10.73,43.89,-54.62,56.94,241.92,155.19,171.53,-100.17,68.52,310.75,310.75
1612,6,12,13,21,34,24.53,59,24,285.03,12.66,263.02,1.42,-10.73,43.89,-54.62,56.94,241.92,134.52,132.19,-66.6,71.11,328.86,328.86
1612,6,12,13,21,110,28.23,57,25,283.27,-20.06,263.02,1.42,-10.73,43.89,-54.62,56.94,241.92,-44.5,108.83,-165.09,-131.88,318.51,318.51
1612,6,12,13,21,196,19.39,60,27,270.43,19.39,263.02,1.42,-10.73,43.89,-54.62,56.94,241.92,116.49,44,28.77,111.64,341,341
1612,6,12,13,21,17,23.33,65,30,280.76,-13.91,263.02,1.42,-10.73,43.89,-54.62,56.94,241.92,-15.63,106.96,-142.29,-95.13,331.95,331.95
1612,6,12,13,21,12,18.46,71,30,275,-12.7,263.02,1.42,-10.73,43.89,-54.62,56.94,241.92,-29.35,73.23,-110.66,-88,342.89,342.89
1612,6,12,13,21,131,39.3,68,31,226.65,-14.35,263.02,1.42,-10.73,43.89,-54.62,56.94,241.92,-198.94,-207.64,113.39,-96.54,279.73,279.73
1612,6,12,13,21,133,42.98,72,31,222.84,-14.97,263.02,1.42,-10.73,43.89,-54.62,56.94,241.92,-211.95,-225.28,125.78,-99.97,264.46,264.46
1612,6,12,13,21,21,31.14,69,32,283.73,25.3,263.02,1.42,-10.73,43.89,-54.62,56.94,241.92,186.69,115.62,-9.22,146.87,309.43,309.43
1612,6,12,13,21,28,30.3,70,32,278.27,27.97,263.02,1.42,-10.73,43.89,-54.62,56.94,241.92,180.64,83.99,25.28,161.91,312.11,312.11
1612,6,13,11,45,305,67.59,44,19,317.53,18.26,250.66,1.53,-10.32,15.04,-25.36,68.59,199.27,332.23,315.71,-36.17,109.61,137.84,137.84
1612,6,13,11,45,29,57.09,54,19,306.29,18.64,250.66,1.53,-10.32,15.04,-25.36,68.59,199.27,302.74,282.73,-21.39,110.33,196.4,196.4
1612,6,13,11,45,300,40.93,55,24,290.72,11.29,250.66,1.53,-10.32,15.04,-25.36,68.59,199.27,233.38,228.15,-40.3,63.54,273.11,273.11
1612,6,13,11,45,43,35.19,59,24,283.98,13.88,250.66,1.53,-10.32,15.04,-25.36,68.59,199.27,208,192.79,-11.28,78.89,295.45,295.45
1612,6,13,11,45,159,38.86,57,25,283.27,-20.64,250.66,1.53,-10.32,15.04,-25.36,68.59,199.27,106.92,182.29,-200.03,-134.96,281.49,281.49
1612,6,13,11,45,180,26.36,60,27,271.36,18.34,250.66,1.53,-10.32,15.04,-25.36,68.59,199.27,154.63,121.28,43.07,105.15,323.91,323.91
1612,6,13,11,45,17,35.74,65,30,282.1,-16.19,250.66,1.53,-10.32,15.04,-25.36,68.59,199.27,117.07,181.06,-175.73,-108.66,293.42,293.42
1612,6,13,11,45,318,29.8,68,31,227.48,-17.62,250.66,1.53,-10.32,15.04,-25.36,68.59,199.27,-173.04,-135.64,-48.4,-117.85,313.68,313.68
1612,6,13,11,45,256,35.26,72,31,222.2,-20.03,250.66,1.53,-10.32,15.04,-25.36,68.59,199.27,-202.67,-161.85,-49.72,-131.73,295.19,295.19
1612,6,13,11,45,17,38.58,69,32,283.17,23.87,250.66,1.53,-10.32,15.04,-25.36,68.59,199.27,219.97,177.65,49.32,138.78,282.6,282.6
1612,6,13,11,45,19,34.75,70,32,274.85,27.42,250.66,1.53,-10.32,15.04,-25.36,68.59,199.27,186.75,131.49,87.02,158.62,297.04,297.04
1612,6,13,11,45,322,36.98,73,33,218.91,21.87,250.66,1.53,-10.32,15.04,-25.36,68.59,199.27,-105.13,-176.53,190.38,127.01,288.77,288.77
1612,6,13,11,45,54,41.37,74,33,214.13,22.87,250.66,1.53,-10.32,15.04,-25.36,68.59,199.27,-122.05,-198.25,205.38,133.32,271.3,271.3
1612,6,13,11,45,16,25.23,75,34,274.33,10.69,250.66,1.53,-10.32,15.04,-25.36,68.59,199.27,153.86,142.61,-8.35,58.35,327.02,327.02
1612,6,14,13,15,347,74.48,44,19,310.8,18.24,236.6,1.65,-9.86,42.96,-52.82,58.03,240.07,288,330.83,-196.78,110.53,96.84,96.84
1612,6,14,13,15,169,54.84,55,24,291.15,10.07,236.6,1.65,-9.86,42.96,-52.82,58.03,240.07,221.14,290.35,-196.69,57.32,208.45,208.45
1612,6,14,13,15,476,51.24,57,25,284.02,-19.91,236.6,1.65,-9.86,42.96,-52.82,58.03,240.07,47.98,250.62,-278.17,-129.88,226.64,226.64
1612,6,14,13,15,199,36.98,60,27,270.27,18.28,236.6,1.65,-9.86,42.96,-52.82,58.03,240.07,199.06,190.59,-88.23,105.27,289.2,289.2
1612,6,14,13,15,35,48.33,65,30,282.16,-15.99,236.6,1.65,-9.86,42.96,-52.82,58.03,240.07,65.17,248.47,-262.43,-106.67,240.69,240.69
1612,6,14,13,15,331,21.01,68,31,227.76,-17.47,236.6,1.65,-9.86,42.96,-52.82,58.03,240.07,-126.45,-53.06,-29.32,-118.47,337.93,337.93
1612,6,14,13,15,358,25.21,72,31,223.31,-19.93,236.6,1.65,-9.86,42.96,-52.82,58.03,240.07,-153.14,-78.2,-18.01,-132.89,327.52,327.52
1612,6,14,13,15,409,26.85,73,33,217.85,21.33,236.6,1.65,-9.86,42.96,-52.82,58.03,240.07,32.04,-108.38,160.33,122.42,322.97,322.97
1612,6,14,13,15,270,30.61,74,33,212.98,21.88,236.6,1.65,-9.86,42.96,-52.82,58.03,240.07,19.06,-134.57,183.36,126,311.55,311.55
1612,6,14,13,15,54,2.49,76,35,236.26,4.11,236.6,1.65,-9.86,42.96,-52.82,58.03,240.07,11.11,-2.13,11.1,15.56,361.66,361.66
1612,6,14,13,15,74,29.56,77,36,225.27,29.17,236.6,1.65,-9.86,42.96,-52.82,58.03,240.07,95.92,-62.06,150.64,167.46,314.88,314.88
1612,6,14,13,15,29,33.51,78,37,269.36,9.48,236.6,1.65,-9.86,42.96,-52.82,58.03,240.07,157.35,193.23,-123.18,50.93,301.85,301.85
1612,6,14,13,15,23,32.98,79,38,267.48,-10.31,236.6,1.65,-9.86,42.96,-52.82,58.03,240.07,51.86,182.79,-190.09,-73.56,303.68,303.68
1612,6,14,13,15,24,34.79,80,38,267.15,-15.62,236.6,1.65,-9.86,42.96,-52.82,58.03,240.07,22.57,177.2,-205.29,-106.09,297.3,297.3
1612,6,14,13,15,20,32.24,81,38,263.78,-16.2,236.6,1.65,-9.86,42.96,-52.82,58.03,240.07,8.43,158.8,-192.92,-109.87,306.19,306.19
1612,6,14,13,15,20,38.09,82,38,268.13,-20.65,236.6,1.65,-9.86,42.96,-52.82,58.03,240.07,-1.2,177.18,-223.3,-135.91,284.92,284.92
1612,6,15,11,41,677,69.68,55,24,293.86,10.83,224.22,1.76,-9.45,13,-22.45,68.93,196.62,332.13,332.88,-67.86,64.12,125.55,125.55
1612,6,15,11,41,348,62.68,57,25,284.33,-19.6,224.22,1.76,-9.45,13,-22.45,68.93,196.62,224.58,295.25,-229.62,-126.45,165.9,165.9
1612,6,15,11,41,520,50.51,60,27,272.44,20.1,224.22,1.76,-9.45,13,-22.45,68.93,196.62,278.73,253.14,11.68,117.25,229.9,229.9
1612,6,15,11,41,134,59.43,65,30,281.98,-14.51,224.22,1.76,-9.45,13,-22.45,68.93,196.62,236.83,296.02,-201.99,-96.24,183.83,183.83
1612,6,15,11,41,423,18.96,68,31,231.81,-15.65,224.22,1.76,-9.45,13,-22.45,68.93,196.62,1.17,45.94,-117.44,-108.09,341.89,341.89
1612,6,15,11,41,521,19.97,72,31,227.34,-17.97,224.22,1.76,-9.45,13,-22.45,68.93,196.62,-29.33,18.69,-119.93,-122.04,339.76,339.76
1612,6,15,11,41,257,19.55,73,33,222.08,21.2,224.22,1.76,-9.45,13,-22.45,68.93,196.62,34.33,-12.58,116.02,120.34,340.65,340.65
1612,6,15,11,41,248,21.02,74,33,217.77,21.82,224.22,1.76,-9.45,13,-22.45,68.93,196.62,12.55,-37.69,129.05,124.06,337.45,337.45
1612,6,15,11,41,68,25.26,77,36,225.56,26.99,224.22,1.76,-9.45,13,-22.45,68.93,196.62,65.82,7.54,139.54,154.1,326.92,326.92
1612,6,15,11,41,83,23.6,83,36,229.06,24.89,224.22,1.76,-9.45,13,-22.45,68.93,196.62,79.79,27.64,120.72,142.04,331.27,331.27
1612,6,15,11,41,63,51.24,84,39,177.21,26,224.22,1.76,-9.45,13,-22.45,68.93,196.62,-161.77,-237.68,230.87,151.59,226.3,226.3
1612,6,16,12,2,889,80.01,55,24,292.64,7.34,210.79,1.88,-9,22.36,-31.36,67.5,208.92,324.18,352.78,-145.96,44.08,62.65,62.65
1612,6,16,12,2,1242,71.55,57,25,280.24,-20.74,210.79,1.88,-9,22.36,-31.36,67.5,208.92,201.43,316.13,-276.93,-131.64,114.26,114.26
1612,6,16,12,2,473,62.24,60,27,272.14,18.04,210.79,1.88,-9,22.36,-31.36,67.5,208.92,312.55,301.22,-65.97,106.33,168.17,168.17
1612,6,16,12,2,505,69.96,65,30,279.2,-16.78,210.79,1.88,-9,22.36,-31.36,67.5,208.92,218.05,321.37,-259.75,-108.32,123.72,123.72
1612,6,16,12,2,87,57.51,85,30,266.42,-14.8,210.79,1.88,-9,22.36,-31.36,67.5,208.92,194.65,288.08,-234.16,-98.64,193.91,193.91
1612,6,16,12,2,592,29.05,68,31,232.76,-17.49,210.79,1.88,-9,22.36,-31.36,67.5,208.92,48.11,128.82,-168.58,-118.91,315.57,315.57
1612,6,16,12,2,907,27.72,72,31,227.44,-20.53,210.79,1.88,-9,22.36,-31.36,67.5,208.92,11.3,96.83,-167.53,-137.17,319.57,319.57
1612,6,16,12,2,370,20.55,73,33,219.34,20.66,210.79,1.88,-9,22.36,-31.36,67.5,208.92,103.42,50.2,73.23,116.36,338.03,338.03
1612,6,16,12,2,101,21.21,74,33,213.49,22.93,210.79,1.88,-9,22.36,-31.36,67.5,208.92,80.83,15.64,102.58,129.66,336.55,336.55
1612,6,16,12,2,52,30.66,77,36,228.1,27.69,210.79,1.88,-9,22.36,-31.36,67.5,208.92,163.27,95.13,85.09,157.63,310.52,310.52
1612,6,16,12,2,49,29.72,83,36,223.2,29.15,210.79,1.88,-9,22.36,-31.36,67.5,208.92,144.07,67.75,106.2,165.67,313.5,313.5
1612,6,16,12,2,165,43.34,84,39,170.07,18.91,210.79,1.88,-9,22.36,-31.36,67.5,208.92,-133.79,-222.78,208.54,108.44,262.55,262.55
1612,6,16,12,2,55,13.27,86,40,222.61,-4.16,210.79,1.88,-9,22.36,-31.36,67.5,208.92,43.33,73.75,-70.61,-37.75,351.36,351.36
1612,6,16,12,2,66,51.43,87,41,259.43,22.29,210.79,1.88,-9,22.36,-31.36,67.5,208.92,281.54,250.73,-19.83,129.59,225.08,225.08
1612,6,17,12,5,1640,72.02,60,27,269.24,18.29,197.53,1.99,-8.55,23.53,-32.08,67.28,210.48,334.37,325.91,-80.21,109.63,111.58,111.58
1612,6,17,12,5,612,36.54,68,31,228.63,-17.93,197.53,1.99,-8.55,23.53,-32.08,67.28,210.48,86.03,177.68,-197.3,-121.49,290.43,290.43
1612,6,17,12,5,589,32.98,72,31,222.61,-19.97,197.53,1.99,-8.55,23.53,-32.08,67.28,210.48,50.83,144.04,-190.1,-134.08,303.25,303.25
1612,6,17,12,5,594,27.36,73,33,217.46,21.26,197.53,1.99,-8.55,23.53,-32.08,67.28,210.48,161.07,114.88,40.65,119.99,321.07,321.07
1612,6,17,12,5,574,25,74,33,211.44,23.04,197.53,1.99,-8.55,23.53,-32.08,67.28,210.48,136.9,79.98,67.81,130.16,327.63,327.63
1612,6,17,12,5,104,38.13,77,36,226.62,28.12,197.53,1.99,-8.55,23.53,-32.08,67.28,210.48,216.67,155.04,53.74,160.61,284.34,284.34
1612,6,17,12,5,39,35.97,83,36,222.95,28.58,197.53,1.99,-8.55,23.53,-32.08,67.28,210.48,201.94,136.26,65.61,162.84,292.57,292.57
1612,6,17,12,5,83,31.26,84,39,171.72,20.52,197.53,1.99,-8.55,23.53,-32.08,67.28,210.48,-63.24,-147.39,176.62,116.06,309.01,309.01
1612,6,18,12,11,513,76.24,60,27,259.83,27.23,184.23,2.11,-8.1,25.82,-33.92,66.75,213.59,347.98,310.46,-38.89,161.92,85.76,85.76
1612,6,18,12,11,503,47.73,68,31,227.92,-18.71,184.23,2.11,-8.1,25.82,-33.92,66.75,213.59,126.11,235.82,-235.05,-124.66,242.5,242.5
1612,6,18,12,11,448,43.3,72,31,221.96,-20.44,184.23,2.11,-8.1,25.82,-33.92,66.75,213.59,95.84,206.72,-227.92,-135.64,262.35,262.35
1612,6,18,12,11,427,39.07,73,33,219.97,19.65,184.23,2.11,-8.1,25.82,-33.92,66.75,213.59,226.48,198.27,-18.52,111.02,279.87,279.87
1612,6,18,12,11,305,35.11,74,33,214.72,20.81,184.23,2.11,-8.1,25.82,-33.92,66.75,213.59,207.31,170.95,1.93,117.29,294.92,294.92
1612,6,18,12,11,84,48.29,77,36,228.15,25.56,184.23,2.11,-8.1,25.82,-33.92,66.75,213.59,269.11,225.59,-4.09,146.78,239.84,239.84
1612,6,18,12,11,76,43.69,83,36,222.81,25.12,184.23,2.11,-8.1,25.82,-33.92,66.75,213.59,248.96,203.52,5.51,143.51,260.67,260.67
1612,6,18,12,11,64,20.17,84,39,170.93,17.48,184.23,2.11,-8.1,25.82,-33.92,66.75,213.59,-12.14,-79.12,123.74,95.9,338.38,338.38
1612,6,18,12,11,88,48.12,88,42,141,26.58,184.23,2.11,-8.1,25.82,-33.92,66.75,213.59,-98.13,-220.85,249.82,152.54,240.67,240.67
1612,6,18,12,11,59,47.08,89,42,140.96,23.71,184.23,2.11,-8.1,25.82,-33.92,66.75,213.59,-111.82,-226.25,239.14,136.04,245.49,245.49
1612,6,18,12,11,117,54.01,90,43,131.25,16.37,184.23,2.11,-8.1,25.82,-33.92,66.75,213.59,-176.76,-276.16,232.02,93.89,211.86,211.86
1612,6,18,12,11,293,69.01,91,44,115.82,-8.54,184.23,2.11,-8.1,25.82,-33.92,66.75,213.59,-307.62,-331.5,136.61,-58.31,129.11,129.11
1612,6,18,12,11,100,60.7,92,45,125.88,-17.38,184.23,2.11,-8.1,25.82,-33.92,66.75,213.59,-306.8,-292.88,68.63,-114.26,176.42,176.42
1612,6,19,12,12,262,59.99,68,31,228.54,-17.39,170.99,2.23,-7.65,26.13,-33.79,66.68,214.02,177.93,291.11,-257.57,-115.13,180.78,180.78
1612,6,19,12,12,96,56.2,72,31,223.41,-20.73,170.99,2.23,-7.65,26.13,-33.79,66.68,214.02,147.16,267.95,-261.91,-135.84,201.08,201.08
1612,6,19,12,12,626,54.09,73,33,223.28,20.38,170.99,2.23,-7.65,26.13,-33.79,66.68,214.02,288.28,268.09,-51.23,117.74,212.01,212.01
1612,6,19,12,12,89,46.3,74,33,214.34,21.36,170.99,2.23,-7.65,26.13,-33.79,66.68,214.02,259.96,231.13,-27.1,122.04,249.74,249.74
1612,6,19,12,12,485,38.57,88,42,138.22,24.3,170.99,2.23,-7.65,26.13,-33.79,66.68,214.02,-71.54,-178.32,213.75,137.87,282.62,282.62
1612,6,19,12,12,82,41.13,89,42,133.64,21.54,170.99,2.23,-7.65,26.13,-33.79,66.68,214.02,-101.55,-203.97,215.01,122.23,272.29,272.29
1612,6,19,12,12,371,56.91,91,44,115.08,-9.52,170.99,2.23,-7.65,26.13,-33.79,66.68,214.02,-282.93,-295.25,108.07,-67.51,197.36,197.36
1612,6,19,12,12,104,50.26,92,45,124.5,-18.69,170.99,2.23,-7.65,26.13,-33.79,66.68,214.02,-275.86,-248.35,34.31,-124.89,231.1,231.1
1612,6,20,13,1,508,70.13,68,31,225.34,-19,157.3,2.34,-7.19,40.25,-33.79,60.47,235.14,123.97,317,-316.57,-122.85,122.88,122.88
1612,6,20,13,1,347,66.68,72,31,221.09,-21.44,157.3,2.34,-7.19,40.25,-33.79,60.47,235.14,102.47,301.87,-315.76,-138.13,143.09,143.09
1612,6,20,13,1,351,61.29,73,33,217.67,19.03,157.3,2.34,-7.19,40.25,-33.79,60.47,235.14,282.58,297.05,-143.79,110.85,173.65,173.65
1612,6,20,13,1,224,57.03,74,33,212.94,19.88,157.3,2.34,-7.19,40.25,-33.79,60.47,235.14,274.51,280.64,-128.92,114.96,196.75,196.75
1612,6,20,13,1,1574,29.4,88,42,134.79,21.99,157.3,2.34,-7.19,40.25,-33.79,60.47,235.14,3.5,-128.3,177.43,122.6,314.94,314.94
1612,6,20,13,1,64,35.12,89,42,126.12,19.85,157.3,2.34,-7.19,40.25,-33.79,60.47,235.14,-37.52,-176.05,204.58,110.75,295.67,295.67
1612,6,20,13,1,238,49.08,91,44,109.96,-11.62,157.3,2.34,-7.19,40.25,-33.79,60.47,235.14,-236.95,-260.39,135.92,-82.57,236.78,236.78
1612,6,20,13,1,74,41.01,92,45,121.68,-19.02,157.3,2.34,-7.19,40.25,-33.79,60.47,235.14,-229.7,-199.03,59.27,-129.07,272.78,272.78
1612,6,20,13,1,118,53.86,93,46,104.42,16.53,157.3,2.34,-7.19,40.25,-33.79,60.47,235.14,-117.55,-276.33,267.23,94.2,213.2,213.2
1612,6,20,13,1,95,56.51,94,46,101.54,15.93,157.3,2.34,-7.19,40.25,-33.79,60.47,235.14,-127.29,-287.38,273.3,91.13,199.47,199.47
1612,6,21,12,19,973,78.46,73,33,223.03,20.9,144.45,2.45,-6.74,28.54,-35.29,66,217.37,342.5,330.58,-88.31,125.79,72.21,72.21
1612,6,21,12,19,274,75.77,74,33,219.95,24.04,144.45,2.45,-6.74,28.54,-35.29,66,217.37,343.37,319.18,-67.35,143.4,88.77,88.77
1612,6,21,12,19,2019,24.55,88,42,135.03,25.26,144.45,2.45,-6.74,28.54,-35.29,66,217.37,37.34,-53.44,145.26,140.13,328.37,328.37
1612,6,21,12,19,58,34.48,91,44,135.03,-8.59,144.45,2.45,-6.74,28.54,-35.29,66,217.37,-196.22,-193.19,57.16,-66.7,297.57,297.57
1612,6,21,12,19,127,30.97,92,45,121.95,-19.23,144.45,2.45,-6.74,28.54,-35.29,66,217.37,-182.87,-130.41,-32.65,-132.3,309.53,309.53
1612,6,21,12,19,481,44.42,93,46,102,18.06,144.45,2.45,-6.74,28.54,-35.29,66,217.37,-130.73,-231.63,216.23,100.97,257.83,257.83
1612,6,21,12,19,349,47.83,94,46,98.35,18.26,144.45,2.45,-6.74,28.54,-35.29,66,217.37,-142.24,-247.03,226.64,102.82,242.33,242.33
1612,6,21,12,19,169,68.16,95,47,76.38,14.54,144.45,2.45,-6.74,28.54,-35.29,66,217.37,-215.51,-324.15,256.6,84.95,134.29,134.29
1612,6,21,12,19,587,74.31,96,47,70.04,15.22,144.45,2.45,-6.74,28.54,-35.29,66,217.37,-221.45,-335.51,267.86,90.7,97.61,97.61
1612,6,22,15,28,2256,25.42,88,42,133.4,27.72,129.47,2.58,-6.23,51.93,-58.16,35.34,269.84,141.65,21.83,62.26,153.19,325.6,325.6
1612,6,22,15,28,96,19.04,91,44,113.88,-8.41,129.47,2.58,-6.23,51.93,-58.16,35.34,269.84,-108.47,-95.87,45.49,-68.15,340.77,340.77
1612,6,22,15,28,99,20.91,92,45,122.21,-17.07,129.47,2.58,-6.23,51.93,-58.16,35.34,269.84,-125.86,-43.58,-26.85,-121.09,336.75,336.75
1612,6,22,15,28,111,27.42,93,46,105.82,17.13,129.47,2.58,-6.23,51.93,-58.16,35.34,269.84,5.13,-138.24,165.91,91.87,320.01,320.01
1612,6,22,15,28,160,30.18,94,46,102.72,17.47,129.47,2.58,-6.23,51.93,-58.16,35.34,269.84,-1.55,-154.78,181.23,94.28,311.63,311.63
1612,6,22,15,28,247,46.12,95,47,84.59,15.85,129.47,2.58,-6.23,51.93,-58.16,35.34,269.84,-54.91,-244.72,253.96,87.32,249.9,249.9
1612,6,22,15,28,175,53.03,96,47,77.61,17.72,129.47,2.58,-6.23,51.93,-58.16,35.34,269.84,-57.48,-270.1,282.24,100.05,216.79,216.79
1612,6,22,15,28,323,71.86,97,48,58.58,27.18,129.47,2.58,-6.23,51.93,-58.16,35.34,269.84,-24.11,-303.03,341.73,159.78,112.26,112.26
1612,6,23,12,55,3120,26.18,88,42,132.23,24.77,117.64,2.68,-5.82,38.78,-44.6,61.43,232.7,154.42,82.54,39.06,136.23,323.96,323.96
1612,6,23,12,55,96,10.21,91,44,112.54,-6.17,117.64,2.68,-5.82,38.78,-44.6,61.43,232.7,-61.67,-31.91,-17.1,-55.47,355.28,355.28
1612,6,23,12,55,103,18.88,92,45,121.6,-15.78,117.64,2.68,-5.82,38.78,-44.6,61.43,232.7,-63.17,23.99,-98.24,-114.31,341.58,341.58
1612,6,23,12,55,210,18.63,93,46,105.35,16.86,117.64,2.68,-5.82,38.78,-44.6,61.43,232.7,9.97,-73.56,114.89,88.81,342.09,342.09
1612,6,23,12,55,75,21.45,94,46,102.44,18.12,117.64,2.68,-5.82,38.78,-44.6,61.43,232.7,3.8,-89.96,131.98,96.65,335.99,335.99
1612,6,23,12,55,466,40.05,95,47,78.73,14.01,117.64,2.68,-5.82,38.78,-44.6,61.43,232.7,-104.33,-220.01,207.55,74.55,276.33,276.33
1612,6,23,12,55,1233,49.14,96,47,69.25,14.33,117.64,2.68,-5.82,38.78,-44.6,61.43,232.7,-131.23,-261.55,239.43,78.36,236.16,236.16
1612,6,23,12,55,333,63.81,97,48,54.91,22.19,117.64,2.68,-5.82,38.78,-44.6,61.43,232.7,-121.02,-297.14,300.48,129.01,159.33,159.33
1612,6,24,12,47,2151,38.53,88,42,137.59,24.36,104.48,2.79,-5.36,36.77,-42.13,62.57,229.51,223.68,179.41,-20.17,135.1,282,282
1612,6,24,12,47,37,15.19,91,44,113.03,-9.78,104.48,2.79,-5.36,36.77,-42.13,62.57,229.51,-13.35,52.84,-93.52,-78.31,347.9,347.9
1612,6,24,12,47,60,28.66,92,45,124.19,-18.29,104.48,2.79,-5.36,36.77,-42.13,62.57,229.51,-0.73,115.45,-172.89,-128.7,316.34,316.34
1612,6,24,12,47,105,14.38,93,46,106.67,17.02,104.48,2.79,-5.36,36.77,-42.13,62.57,229.51,69.17,13.14,56.87,88.58,349.2,349.2
1612,6,24,12,47,670,21.9,95,47,84.47,12.12,104.48,2.79,-5.36,36.77,-42.13,62.57,229.51,-49.53,-120.6,125.01,59.48,334.48,334.48
1612,6,24,12,47,1262,30.54,96,47,75.69,13.94,104.48,2.79,-5.36,36.77,-42.13,62.57,229.51,-76.79,-168.52,166.31,71.81,310.49,310.49
1612,6,24,12,47,61,45.95,97,48,61.4,21.84,104.48,2.79,-5.36,36.77,-42.13,62.57,229.51,-87.61,-228.55,243.83,122.05,250.66,250.66
1612,6,24,12,47,277,64.15,98,49,43.24,-19.71,104.48,2.79,-5.36,36.77,-42.13,62.57,229.51,-307.43,-297.51,103.63,-129.4,157.18,157.18
1612,6,25,14,16,2919,49.69,88,42,136.18,26.35,90.43,2.91,-4.87,49.69,-54.56,48.28,255.69,255.42,231.74,-102.66,148.58,233.55,233.55
1612,6,25,14,16,39,25.46,91,44,113.27,-8.46,90.43,2.91,-4.87,49.69,-54.56,48.28,255.69,23.53,138.61,-153.39,-69.76,325.95,325.95
1612,6,25,14,16,121,23.14,93,46,105.21,21.04,90.43,2.91,-4.87,49.69,-54.56,48.28,255.69,141.81,85.98,-4.61,112.87,331.95,331.95
1612,6,25,14,16,962,12.35,95,47,84.79,13.93,90.43,2.91,-4.87,49.69,-54.56,48.28,255.69,36.32,-34.44,68.12,69.09,352.65,352.65
1612,6,25,14,16,1086,18.87,96,47,74.83,13.8,90.43,2.91,-4.87,49.69,-54.56,48.28,255.69,1.44,-94.27,116.73,68.86,341.6,341.6
1612,6,25,14,16,239,36.21,97,48,60.02,24.12,90.43,2.91,-4.87,49.69,-54.56,48.28,255.69,11.58,-166.78,212.94,132.9,291.28,291.28
1612,6,25,14,16,472,48.77,98,49,46.83,-20.61,90.43,2.91,-4.87,49.69,-54.56,48.28,255.69,-248.62,-232.98,109.02,-139.35,237.95,237.95
1612,6,25,14,16,350,64.81,99,50,26.42,21.62,90.43,2.91,-4.87,49.69,-54.56,48.28,255.69,-72.78,-301.66,318.45,125.34,153.66,153.66
1612,6,25,14,16,1050,70.28,100,50,20.43,20.77,90.43,2.91,-4.87,49.69,-54.56,48.28,255.69,-84.54,-317.19,329.15,121.97,121.79,121.79
1612,6,25,14,16,439,74.26,101,50,15.97,15.85,90.43,2.91,-4.87,49.69,-54.56,48.28,255.69,-117.64,-334.58,326.94,93.72,97.95,97.95
1612,6,25,14,16,240,69.11,102,51,156.67,-21.24,90.43,2.91,-4.87,49.69,-54.56,48.28,255.69,66.53,307.97,-330.65,-137.51,128.71,128.71
1612,6,26,13,8,3777,59.34,88,42,132.15,34.44,77.82,3.02,-4.43,41.29,-45.73,59.55,237.01,307.87,241.55,-37.21,194.47,183.83,183.83
1612,6,26,13,8,111,39.73,91,44,116.24,-7.4,77.82,3.02,-4.43,41.29,-45.73,59.55,237.01,111.37,222.19,-201.73,-61.07,277.24,277.24
1612,6,26,13,8,1432,13.85,95,47,80.88,16.53,77.82,3.02,-4.43,41.29,-45.73,59.55,237.01,73.27,18.5,45.58,84.28,350.02,350.02
1612,6,26,13,8,993,16.2,96,47,70.54,17.56,77.82,3.02,-4.43,41.29,-45.73,59.55,237.01,34.56,-43.52,94.47,90.69,346.18,346.18
1612,6,26,13,8,96,34.33,97,48,50.64,25.28,77.82,3.02,-4.43,41.29,-45.73,59.55,237.01,-4.73,-148.85,203.26,138.5,297.69,297.69
1612,6,26,13,8,43,37.78,109,48,45.43,24.27,77.82,3.02,-4.43,41.29,-45.73,59.55,237.01,-27.36,-176.03,219.16,133.4,284.92,284.92
1612,6,26,13,8,46,38.14,98,49,46.1,-18.93,77.82,3.02,-4.43,41.29,-45.73,59.55,237.01,-219.68,-179.25,36.18,-132.04,283.54,283.54
1612,6,26,13,8,246,59.91,99,50,19.53,23.89,77.82,3.02,-4.43,41.29,-45.73,59.55,237.01,-97.86,-280.4,296.18,136.67,180.72,180.72
1612,6,26,13,8,419,64.82,100,50,13.81,22.03,77.82,3.02,-4.43,41.29,-45.73,59.55,237.01,-118.5,-300.37,303.96,127.32,153.39,153.39
1612,6,26,13,8,504,70.85,101,50,7.15,20.58,77.82,3.02,-4.43,41.29,-45.73,59.55,237.01,-135.9,-318.47,312.27,120.66,118.23,118.23
1612,6,26,13,8,111,18.22,103,52,77.06,-15.19,77.82,3.02,-4.43,41.29,-45.73,59.55,237.01,-83.85,-4.61,-75.31,-112.61,342.43,342.43
1612,6,26,13,8,60,37.12,104,53,51.37,-23.73,77.82,3.02,-4.43,41.29,-45.73,59.55,237.01,-217.45,-146.95,-6.76,-160.43,287.45,287.45
1612,6,26,13,8,92,75.89,105,54,2.68,-9.59,77.82,3.02,-4.43,41.29,-45.73,59.55,237.01,-286.22,-343.57,200.79,-64.79,87.89,87.89
1612,6,26,13,8,182,74.59,106,55,2.95,9.11,77.82,3.02,-4.43,41.29,-45.73,59.55,237.01,-202.53,-343.6,282.42,52.12,95.81,95.81
1612,6,26,13,8,423,78.69,107,55,358.81,8.68,77.82,3.02,-4.43,41.29,-45.73,59.55,237.01,-207.84,-349.83,285.93,50.77,70.73,70.73
1612,6,26,13,8,60,25.47,108,56,56.55,17.63,77.82,3.02,-4.43,41.29,-45.73,59.55,237.01,-20.94,-124.6,153.6,92.22,325.47,325.47
1612,6,27,12,45,2123,72.69,88,42,137.4,21.55,64.79,3.12,-3.98,35.98,-39.96,62.85,228.32,327.59,320.85,-108.61,127.13,107.58,107.58
1612,6,27,12,45,907,21.34,95,47,85.36,9.26,64.79,3.12,-3.98,35.98,-39.96,62.85,228.32,121.72,125.36,-49.92,39.91,336.71,336.71
1612,6,27,12,45,483,14.16,96,47,76.78,9.26,64.79,3.12,-3.98,35.98,-39.96,62.85,228.32,87.84,73.79,-10.06,48.7,350.52,350.52
1612,6,27,12,45,114,17.98,97,48,59.36,20.31,64.79,3.12,-3.98,35.98,-39.96,62.85,228.32,44.04,-32.09,102.53,106.88,343.85,343.85
1612,6,27,12,45,80,30.87,98,49,46.66,-22.16,64.79,3.12,-3.98,35.98,-39.96,62.85,228.32,-178.44,-104.21,-50.7,-153.46,310.28,310.28
1612,6,27,12,45,258,41.63,99,50,25.87,20.31,64.79,3.12,-3.98,35.98,-39.96,62.85,228.32,-92.02,-212.98,221.8,110.92,270.22,270.22
1612,6,27,12,45,376,46.24,100,50,20.35,19.04,64.79,3.12,-3.98,35.98,-39.96,62.85,228.32,-116.31,-239.26,233.73,104.46,250.05,250.05
1612,6,27,12,45,393,47.39,101,50,18.05,14.05,64.79,3.12,-3.98,35.98,-39.96,62.85,228.32,-147.88,-255.39,221.17,74.55,244.74,244.74
1612,6,27,12,45,478,55.43,105,54,10.54,-9.13,64.79,3.12,-3.98,35.98,-39.96,62.85,228.32,-266.11,-289.66,133.41,-68.64,205.11,205.11
1612,6,27,12,45,135,61.02,111,54,4.88,-9.57,64.79,3.12,-3.98,35.98,-39.96,62.85,228.32,-281.22,-308.44,144.62,-69.75,175.16,175.16
1612,6,27,12,45,202,66.13,112,54,359.59,-9.24,64.79,3.12,-3.98,35.98,-39.96,62.85,228.32,-290.74,-323.91,157.35,-66.1,146.26,146.26
1612,6,27,12,45,113,57.33,106,55,7.36,8.29,64.79,3.12,-3.98,35.98,-39.96,62.85,228.32,-204.39,-301.46,225.46,41.56,195.13,195.13
1612,6,27,12,45,501,63.09,107,55,1.54,8.45,64.79,3.12,-3.98,35.98,-39.96,62.85,228.32,-216.31,-319.31,239.01,44.29,163.6,163.6
1612,6,27,12,45,97,44.54,110,57,107.86,17.27,64.79,3.12,-3.98,35.98,-39.96,62.85,228.32,240.69,235.74,-79.8,93.41,257.65,257.65
1612,6,28,12,37,1136,80.59,88,42,132.75,24.9,51.63,3.23,-3.52,33.65,-37.17,63.89,224.81,347.28,323.07,-76.71,148.71,58.94,58.94
1612,6,28,12,37,1303,35.28,95,47,86.35,10.98,51.63,3.23,-3.52,33.65,-37.17,63.89,224.81,192.13,201.58,-80.25,52.15,294.29,294.29
1612,6,28,12,37,1379,25.1,96,47,74.8,13.53,51.63,3.23,-3.52,33.65,-37.17,63.89,224.81,149.79,137.89,-30.68,66.05,326.47,326.47
1612,6,28,12,37,124,19.18,97,48,57.85,21.43,51.63,3.23,-3.52,33.65,-37.17,63.89,224.81,97.07,36.37,67.82,112.69,340.5,340.5
1612,6,28,12,37,338,25.41,98,49,44.26,-21.14,51.63,3.23,-3.52,33.65,-37.17,63.89,224.81,-124.12,-43.1,-92.34,-148.57,325.62,325.62
1612,6,28,12,37,400,30.78,99,50,25.8,21,51.63,3.23,-3.52,33.65,-37.17,63.89,224.81,-49.19,-146.61,177.79,111.94,309.73,309.73
1612,6,28,12,37,767,36.08,100,50,18.84,19.94,51.63,3.23,-3.52,33.65,-37.17,63.89,224.81,-81.77,-183.53,195.91,106.7,291.36,291.36
1612,6,28,12,37,605,37.88,101,50,14.97,14.6,51.63,3.23,-3.52,33.65,-37.17,63.89,224.81,-120.7,-208.29,185.56,74.93,284.54,284.54
1612,6,28,12,37,713,46.76,105,54,6.36,-9.03,51.63,3.23,-3.52,33.65,-37.17,63.89,224.81,-244.23,-252.95,96.56,-70.63,246.96,246.96
1612,6,28,12,37,919,53.94,111,54,358.88,-8.78,51.63,3.23,-3.52,33.65,-37.17,63.89,224.81,-266.51,-283.61,117.91,-67.08,212.2,212.2
1612,6,28,12,37,421,47.51,106,55,4.1,7.86,51.63,3.23,-3.52,33.65,-37.17,63.89,224.81,-188.38,-263.43,187.56,35.64,243.5,243.5
1612,6,28,12,37,539,53.58,107,55,358,8.81,51.63,3.23,-3.52,33.65,-37.17,63.89,224.81,-202.43,-286.83,207.76,43.23,214.05,214.05
1612,6,28,12,37,276,15.02,113,58,49.64,18.12,51.63,3.23,-3.52,33.65,-37.17,63.89,224.81,46.51,-11.91,81.04,92.68,348.18,348.18
1612,6,29,12,40,866,54.11,95,47,92.36,12,38.37,3.34,-3.05,34.39,-37.45,63.49,225.95,264.98,285.64,-123.8,62.83,211.62,211.62
1612,6,29,12,40,1413,42.66,96,47,80.31,13.58,38.37,3.34,-3.05,34.39,-37.45,63.49,225.95,228.43,234.55,-87.49,69.44,265.49,265.49
1612,6,29,12,40,245,25.6,98,49,44.73,-21.49,38.37,3.34,-3.05,34.39,-37.45,63.49,225.95,-62.52,37.26,-142.91,-151.47,325.56,325.56
1612,6,29,12,40,309,22.76,99,50,25.05,22.07,38.37,3.34,-3.05,34.39,-37.45,63.49,225.95,9.65,-77.04,139.3,116.46,332.9,332.9
1612,6,29,12,40,679,26.64,100,50,17.66,20.76,38.37,3.34,-3.05,34.39,-37.45,63.49,225.95,-28.24,-119.33,159.39,109.37,322.67,322.67
1612,6,29,12,40,461,23.97,101,50,16.55,13.85,38.37,3.34,-3.05,34.39,-37.45,63.49,225.95,-62.51,-130.28,132.65,67.31,329.88,329.88
1612,6,29,12,40,233,33.72,105,54,6.98,-9.25,38.37,3.34,-3.05,34.39,-37.45,63.49,225.95,-193.35,-185.58,52.77,-75.67,300.26,300.26
1612,6,29,12,40,457,40.43,111,54,359.96,-9.76,38.37,3.34,-3.05,34.39,-37.45,63.49,225.95,-222.47,-221,72.99,-77.32,274.77,274.77
1612,6,29,12,40,227,35.28,106,55,3.41,9.69,38.37,3.34,-3.05,34.39,-37.45,63.49,225.95,-135.3,-203.89,158.66,43.69,294.69,294.69
1612,6,29,12,40,279,41.72,107,55,356.74,8.68,38.37,3.34,-3.05,34.39,-37.45,63.49,225.95,-164.56,-237.06,175.01,38.89,269.47,269.47
1612,6,29,12,40,347,22.57,113,58,51.42,22.02,38.37,3.34,-3.05,34.39,-37.45,63.49,225.95,130.61,75.57,46.25,116.14,333.35,333.35
1612,7,1,13,23,678,77.4,96,47,89.37,12.02,11.5,3.55,-2.11,43.47,-45.58,57.18,241.19,291.9,345.19,-197.27,70.44,78.74,78.74
1612,7,1,13,23,306,40.45,98,49,45.06,-19.89,11.5,3.55,-2.11,43.47,-45.58,57.18,241.19,31.28,187.67,-232.09,-140.09,274.73,274.73
1612,7,1,13,23,302,21.39,99,50,21.94,22.4,11.5,3.55,-2.11,43.47,-45.58,57.18,241.19,125.85,60.47,38.64,116.93,336.14,336.14
1612,7,1,13,23,731,17.38,100,50,16.53,20.23,11.5,3.55,-2.11,43.47,-45.58,57.18,241.19,94.83,29.7,51.32,103.65,344.52,344.52
1612,7,1,13,23,532,12.17,101,50,13.68,15.53,11.5,3.55,-2.11,43.47,-45.58,57.18,241.19,62.79,13.23,43,74.94,352.89,352.89
1612,7,1,13,23,616,12.18,105,54,6.32,-7.47,11.5,3.55,-2.11,43.47,-45.58,57.18,241.19,-71.87,-32.32,-25.17,-68.95,352.88,352.88
1612,7,1,13,23,419,16.57,111,54,0.76,-9.1,11.5,3.55,-2.11,43.47,-45.58,57.18,241.19,-102.68,-66.43,-7.61,-78.67,346.01,346.01
1612,7,1,13,23,344,9.6,106,55,3.74,9.28,11.5,3.55,-2.11,43.47,-45.58,57.18,241.19,-7.83,-48.13,59.71,36.2,355.94,355.94
1612,7,1,13,23,233,17.66,107,55,354.71,9.35,11.5,3.55,-2.11,43.47,-45.58,57.18,241.19,-45.31,-102.91,99.68,37.4,343.99,343.99
1612,7,1,13,23,383,38.3,113,58,45.32,23.58,11.5,3.55,-2.11,43.47,-45.58,57.18,241.19,219.66,184.12,-42.55,127.12,283.3,283.3
1612,7,1,13,23,95,41.96,114,59,331.25,18.01,11.5,3.55,-2.11,43.47,-45.58,57.18,241.19,-87.26,-221.81,225.03,95.15,268.46,268.46
1612,7,1,13,23,597,76.26,115,60,294.83,10.37,11.5,3.55,-2.11,43.47,-45.58,57.18,241.19,-199.1,-345.53,288.67,59.81,85.74,85.74
1612,7,2,13,20,166,51.68,98,49,44.98,-20.27,358.29,3.66,-1.65,42.87,-44.52,57.63,240.11,77.77,246.39,-272.32,-139.64,223.86,223.86
1612,7,2,13,20,64,30.71,99,50,24.49,20.79,358.29,3.66,-1.65,42.87,-44.52,57.63,240.11,182.35,149,-27.08,108.54,310.38,310.38
1612,7,2,13,20,33,26.01,100,50,18.15,21.09,358.29,3.66,-1.65,42.87,-44.52,57.63,240.11,158.31,114.43,-2.21,109.42,324.43,324.43
1612,7,2,13,20,376,18.9,101,50,14.15,14.29,358.29,3.66,-1.65,42.87,-44.52,57.63,240.11,115.42,95.56,-18.91,67.44,341.53,341.53
1612,7,2,13,20,36,34.62,116,50,26.92,24.61,358.29,3.66,-1.65,42.87,-44.52,57.63,240.11,204.43,157.24,-16.37,131.66,297.09,297.09
1612,7,2,13,20,156,13.51,105,54,6.29,-7.25,358.29,3.66,-1.65,42.87,-44.52,57.63,240.11,-12.22,49.8,-83.46,-68.08,351.01,351.01
1612,7,2,13,20,201,12.47,111,54,1.3,-8.44,358.29,3.66,-1.65,42.87,-44.52,57.63,240.11,-39.67,18.74,-67.07,-75.64,352.49,352.49
1612,7,2,13,20,38,8.06,106,55,2.75,10.4,358.29,3.66,-1.65,42.87,-44.52,57.63,240.11,49.44,27.58,10.94,42.47,357.43,357.43
1612,7,2,13,20,155,5.52,107,55,356.33,8.82,358.29,3.66,-1.65,42.87,-44.52,57.63,240.11,14.11,-12.2,31.74,32.52,359.33,359.33
1612,7,2,13,20,322,51.1,113,58,47.57,21.86,358.29,3.66,-1.65,42.87,-44.52,57.63,240.11,265.32,253.93,-92.35,120.18,226.71,226.71
1612,7,2,13,20,319,64.54,115,60,293.55,11.79,358.29,3.66,-1.65,42.87,-44.52,57.63,240.11,-183,-319.6,269.72,64.01,155.17,155.17
1612,7,2,13,20,1171,77.46,117,61,282.54,-16.64,358.29,3.66,-1.65,42.87,-44.52,57.63,240.11,-315.17,-335.25,157.64,-108.57,78.36,78.36
1612,7,3,15,34,58,40.94,99,50,23.59,16.01,343.83,3.77,-1.14,51.65,-52.79,34.34,270,199.08,221.63,-127.11,81.69,272.34,272.34
1612,7,3,15,34,14,37.26,100,50,19.91,14.99,343.83,3.77,-1.14,51.65,-52.79,34.34,270,183.41,205.1,-118.27,74.55,286.94,286.94
1612,7,3,15,34,348,35.13,101,50,18.47,11.35,343.83,3.77,-1.14,51.65,-52.79,34.34,270,162.65,200.93,-128.79,51.66,294.82,294.82
1612,7,3,15,34,59,37.94,118,50,19.96,17.42,343.83,3.77,-1.14,51.65,-52.79,34.34,270,193.86,202.81,-107.45,89.42,284.31,284.31
1612,7,3,15,34,307,27.56,105,54,7.91,-9.79,343.83,3.77,-1.14,51.65,-52.79,34.34,270,21.95,144.97,-165.36,-82.52,319.59,319.59
1612,7,3,15,34,19,23.72,111,54,3.36,-9.79,343.83,3.77,-1.14,51.65,-52.79,34.34,270,5.58,118.77,-144.89,-83.17,330.05,330.05
1612,7,3,15,34,101,21.8,106,55,5.54,6.5,343.83,3.77,-1.14,51.65,-52.79,34.34,270,95.17,132.53,-94.15,18.87,334.72,334.72
1612,7,3,15,34,218,13.31,107,55,356.88,6.65,343.83,3.77,-1.14,51.65,-52.79,34.34,270,63.83,80.87,-53.07,18.74,350.81,350.81
1612,7,3,15,34,381,46.92,115,60,296.98,10.58,343.83,3.77,-1.14,51.65,-52.79,34.34,270,-116.43,-258.51,236.18,50.09,246.22,246.22
1612,7,3,15,34,401,63.4,117,61,282.54,-14.46,343.83,3.77,-1.14,51.65,-52.79,34.34,270,-265.45,-306.16,182.87,-100.83,161.42,161.42
1612,7,3,15,34,328,68.6,119,62,275.41,22.14,343.83,3.77,-1.14,51.65,-52.79,34.34,270,-86.24,-310.5,324.38,127.48,131.52,131.52
1612,7,3,15,34,267,19.65,120,63,351.72,-14.25,343.83,3.77,-1.14,51.65,-52.79,34.34,270,-59.65,47.97,-105.53,-111.32,339.51,339.51
1612,7,3,15,34,53,23.65,121,64,328.88,-14.66,343.83,3.77,-1.14,51.65,-52.79,34.34,270,-144.57,-89.97,3.2,-113.2,330.23,330.23
1612,7,3,15,34,49,30.19,122,64,322.25,-17.64,343.83,3.77,-1.14,51.65,-52.79,34.34,270,-179.95,-126.35,22.01,-130,311.6,311.6
1612,7,4,13,46,77,57.09,99,50,27.91,19.84,331.59,3.87,-0.71,46.32,-47.02,53.36,247.31,272.8,282.58,-132.06,109.57,196.12,196.12
1612,7,4,13,46,596,47.19,101,50,18.01,16.07,331.59,3.87,-0.71,46.32,-47.02,53.36,247.31,232.47,251.3,-126.88,83.59,245.32,245.32
1612,7,4,13,46,211,54.98,118,50,25.12,22.39,331.59,3.87,-0.71,46.32,-47.02,53.36,247.31,273.59,268.44,-111.99,123.83,207.19,207.19
1612,7,4,13,46,324,39.56,105,54,9.48,-7.79,331.59,3.87,-0.71,46.32,-47.02,53.36,247.31,100.12,219.67,-206.95,-67.82,278.33,278.33
1612,7,4,13,46,113,33.64,111,54,3.03,-8.3,331.59,3.87,-0.71,46.32,-47.02,53.36,247.31,73.97,186.35,-185.78,-72.53,300.56,300.56
1612,7,4,13,46,70,36.65,106,55,8.08,9.47,331.59,3.87,-0.71,46.32,-47.02,53.36,247.31,173.58,211.76,-127.71,39.94,289.62,289.62
1612,7,4,13,46,263,25.63,107,55,356.94,8.55,331.59,3.87,-0.71,46.32,-47.02,53.36,247.31,127.46,152.87,-90.19,31.77,325.49,325.49
1612,7,4,13,46,250,34.39,115,60,297.8,11.97,331.59,3.87,-0.71,46.32,-47.02,53.36,247.31,-93.67,-196.37,181.13,54.94,297.89,297.89
1612,7,4,13,46,665,50.89,117,61,283.97,-15.31,331.59,3.87,-0.71,46.32,-47.02,53.36,247.31,-256.48,-257.21,112.58,-110.91,227.74,227.74
1612,7,4,13,46,456,57.29,119,62,275.68,23.26,331.59,3.87,-0.71,46.32,-47.02,53.36,247.31,-92.32,-274.66,289.39,129.73,195.07,195.07
1612,7,4,13,46,101,48.27,123,62,286.62,25.64,331.59,3.87,-0.71,46.32,-47.02,53.36,247.31,-54.12,-229.99,263.92,140.32,240.29,240.29
1612,7,4,13,46,48,27.66,120,63,355.41,-10.36,331.59,3.87,-0.71,46.32,-47.02,53.36,247.31,34.35,143.42,-164.02,-86.68,319.75,319.75
1612,7,4,13,46,127,15.92,121,64,330.85,-12.04,331.59,3.87,-0.71,46.32,-47.02,53.36,247.31,-75.44,-4.51,-64.13,-98.91,347.16,347.16
1612,7,4,13,46,68,18.69,122,64,324.52,-13.46,331.59,3.87,-0.71,46.32,-47.02,53.36,247.31,-107.96,-43.17,-41.59,-107.34,341.96,341.96
1612,7,5,15,35,255,55.23,101,50,12.68,10.82,317.35,3.97,-0.21,51.56,-51.76,34.11,269.94,222.6,291.64,-195.9,53.61,205.89,205.89
1612,7,5,15,35,71,56.45,118,50,13.2,18.67,317.35,3.97,-0.21,51.56,-51.76,34.11,269.94,255.29,283.03,-159.18,102,199.53,199.53
1612,7,5,15,35,291,48.67,105,54,3.44,-12.52,317.35,3.97,-0.21,51.56,-51.76,34.11,269.94,82.52,253.89,-258.21,-94.99,238.41,238.41
1612,7,5,15,35,175,41.51,111,54,355.9,-11.97,317.35,3.97,-0.21,51.56,-51.76,34.11,269.94,62.51,220.11,-230.97,-93.84,270.31,270.31
1612,7,5,15,35,68,44.34,106,55,1.82,6.06,317.35,3.97,-0.21,51.56,-51.76,34.11,269.94,171.56,251.49,-184.99,20.27,258.2,258.2
1612,7,5,15,35,338,34.09,107,55,351.52,5.56,317.35,3.97,-0.21,51.56,-51.76,34.11,269.94,136.12,201.83,-149.7,14.27,298.97,298.97
1612,7,5,15,35,229,26.93,115,60,291.47,12.39,317.35,3.97,-0.21,51.56,-51.76,34.11,269.94,-51.79,-153.87,155.09,55.31,321.85,321.85
1612,7,5,15,35,1535,42.63,117,61,278.32,-13.88,317.35,3.97,-0.21,51.56,-51.76,34.11,269.94,-219.27,-220.68,108.18,-105.28,265.59,265.59
1612,7,5,15,35,537,49.81,119,62,270.66,26.01,317.35,3.97,-0.21,51.56,-51.76,34.11,269.94,-34.21,-236.1,273.63,142.48,232.98,232.98
1612,7,5,15,35,360,35.58,120,63,347.64,-15.15,317.35,3.97,-0.21,51.56,-51.76,34.11,269.94,18.45,175.77,-209.23,-115,293.6,293.6
1612,7,5,15,35,205,19.3,121,64,322.4,-14.66,317.35,3.97,-0.21,51.56,-51.76,34.11,269.94,-71.49,30.76,-95.49,-115.25,340.72,340.72
1612,7,5,15,35,90,21.17,122,64,314.36,-16.99,317.35,3.97,-0.21,51.56,-51.76,34.11,269.94,-112.55,-18,-65.76,-129.1,336.64,336.64
1612,7,5,15,35,111,44.32,124,65,275.16,20.85,317.35,3.97,-0.21,51.56,-51.76,34.11,269.94,-53.13,-226.55,246.56,110.86,258.28,258.28
1612,7,5,15,35,190,58.38,125,66,261.62,29.16,317.35,3.97,-0.21,51.56,-51.76,34.11,269.94,-33.09,-260.52,305.61,163.15,189.29,189.29
1612,7,5,15,35,27,17.23,216,67,329.02,16.84,317.35,3.97,-0.21,51.56,-51.76,34.11,269.94,106.8,69.88,-4.82,80.9,344.81,344.81
1612,7,6,13,20,277,66.28,101,50,11.87,15.28,305.36,4.07,0.21,42.37,-42.15,57.48,239.43,293.86,319.38,-151.28,85.07,145.19,145.19
1612,7,6,13,20,256,68.33,118,50,13.72,20.5,305.36,4.07,0.21,42.37,-42.15,57.48,239.43,311.72,314.32,-124.02,117.27,133.32,133.32
1612,7,6,13,20,225,62.64,105,54,7.11,-7.16,305.36,4.07,0.21,42.37,-42.15,57.48,239.43,195.71,315.53,-253.96,-56.92,165.9,165.9
1612,7,6,13,20,158,57.57,111,54,1.61,-9.02,305.36,4.07,0.21,42.37,-42.15,57.48,239.43,172.45,296.45,-251.22,-70.5,193.57,193.57
1612,7,6,13,20,117,56.82,106,55,2.38,9.42,305.36,4.07,0.21,42.37,-42.15,57.48,239.43,251.81,298.76,-167,45.2,197.54,197.54
1612,7,6,13,20,285,49.82,107,55,355.29,9.11,305.36,4.07,0.21,42.37,-42.15,57.48,239.43,229.56,272.78,-152.87,40.74,232.93,232.93
1612,7,6,13,20,258,11.97,115,60,295.37,10.81,305.36,4.07,0.21,42.37,-42.15,57.48,239.43,-16.89,-61.49,72.97,42.76,353.14,353.14
1612,7,6,13,20,1661,30.54,117,61,283.03,-17.07,305.36,4.07,0.21,42.37,-42.15,57.48,239.43,-183.31,-131.11,-7.13,-128.31,310.91,310.91
1612,7,6,13,20,458,34.45,119,62,273.83,19.65,305.36,4.07,0.21,42.37,-42.15,57.48,239.43,-64.32,-177.77,193.84,100.53,297.68,297.68
1612,7,6,13,20,426,49.83,120,63,352.49,-13.04,305.36,4.07,0.21,42.37,-42.15,57.48,239.43,125.14,257.75,-245.81,-98.24,232.89,232.89
1612,7,6,13,20,582,30,121,64,330.88,-11.94,305.36,4.07,0.21,42.37,-42.15,57.48,239.43,47.63,152.17,-174.12,-97.12,312.62,312.62
1612,7,6,13,20,436,27.5,122,64,326.19,-14.08,305.36,4.07,0.21,42.37,-42.15,57.48,239.43,17.94,124.51,-165.7,-110.8,320.22,320.22
1612,7,6,13,20,92,43.93,125,66,265.21,25.18,305.36,4.07,0.21,42.37,-42.15,57.48,239.43,-65.21,-210.63,241.81,135.5,259.99,259.99
1612,7,6,13,20,53,22.77,127,68,288.18,19.49,305.36,4.07,0.21,42.37,-42.15,57.48,239.43,-9.36,-100.51,139.42,97.08,332.86,332.86
1612,7,6,13,20,140,28.1,128,68,282.68,21.54,305.36,4.07,0.21,42.37,-42.15,57.48,239.43,-21.97,-129.44,168.6,110.25,318.45,318.45
1612,7,6,13,20,356,79.16,129,69,227.36,-12.09,305.36,4.07,0.21,42.37,-42.15,57.48,239.43,-310.06,-345.28,171.98,-80.6,67.88,67.88
1612,7,7,14,42,543,67.37,107,55,358.97,4.77,291.37,4.17,0.7,50.33,-49.62,43.56,259.8,230.35,332.16,-240.14,19.92,138.69,138.69
1612,7,7,14,42,443,5.15,115,60,292.59,9.17,291.37,4.17,0.7,50.33,-49.62,43.56,259.8,28.86,7.59,14.58,31.43,359.05,359.05
1612,7,7,14,42,2334,26.14,117,61,277.33,-18,291.37,4.17,0.7,50.33,-49.62,43.56,259.8,-156.97,-83.18,-24.29,-135.32,323.62,323.62
1612,7,7,14,42,898,26.08,119,62,269.72,19.48,291.37,4.17,0.7,50.33,-49.62,43.56,259.8,-7.42,-125.41,158.31,96.9,323.8,323.8
1612,7,7,14,42,770,43.97,121,64,330.87,-16.01,291.37,4.17,0.7,50.33,-49.62,43.56,259.8,52.44,220.42,-244.74,-118.6,259.44,259.44
1612,7,7,14,42,725,39.8,122,64,325.14,-17.61,291.37,4.17,0.7,50.33,-49.62,43.56,259.8,25.04,190.99,-229.41,-129.54,276.96,276.96
1612,7,7,14,42,84,35.6,125,66,261.03,24.58,291.37,4.17,0.7,50.33,-49.62,43.56,259.8,-9.03,-165.59,209.69,128.96,293.1,293.1
1612,7,7,14,42,36,18.17,127,68,282.25,20.02,291.37,4.17,0.7,50.33,-49.62,43.56,259.8,40.45,-53.71,104.9,98.77,342.52,342.52
1612,7,7,14,42,308,73.91,129,69,220.39,-21.08,291.37,4.17,0.7,50.33,-49.62,43.56,259.8,-310.6,-318.01,153.31,-137.3,99.9,99.9
1612,7,7,14,42,372,78.79,130,69,214.82,-19.5,291.37,4.17,0.7,50.33,-49.62,43.56,259.8,-309.92,-330.5,170.3,-125.78,70.07,70.07
1612,7,8,15,38,432,77.32,107,55,355.23,4.83,277.62,4.27,1.18,51.39,-50.21,33.46,270.07,244.1,351.82,-254.56,24.62,79.38,79.38
1612,7,8,15,38,374,14.74,115,60,291.96,8.03,277.62,4.27,1.18,51.39,-50.21,33.46,270.07,75.55,88.64,-52.43,24.5,349.61,349.61
1612,7,8,15,38,1905,21.84,117,61,277.57,-17.57,277.62,4.27,1.18,51.39,-50.21,33.46,270.07,-103.53,-0.31,-85.84,-134.49,335.55,335.55
1612,7,8,15,38,383,17.45,119,62,271.06,20.51,277.62,4.27,1.18,51.39,-50.21,33.46,270.07,53.02,-38.69,94.52,101.24,344.87,344.87
1612,7,8,15,38,367,58.54,121,64,333.52,-14.7,277.62,4.27,1.18,51.39,-50.21,33.46,270.07,103.83,289.54,-290.35,-106.05,188.68,188.68
1612,7,8,15,38,352,49.13,122,64,322.35,-17.29,277.62,4.27,1.18,51.39,-50.21,33.46,270.07,59.12,242.91,-266.91,-125.41,236.54,236.54
1612,7,8,15,38,140,26.7,125,66,258.43,23.5,277.62,4.27,1.18,51.39,-50.21,33.46,270.07,22.75,-109,160.81,120.4,322.96,322.96
1612,7,8,15,38,75,16.16,127,68,280.18,20.24,277.62,4.27,1.18,51.39,-50.21,33.46,270.07,86.1,15.13,52.04,99.46,347.22,347.22
1612,7,8,15,38,425,57.66,129,69,225.28,-22.4,277.62,4.27,1.18,51.39,-50.21,33.46,270.07,-286.58,-264.58,105.63,-152.58,193.38,193.38
1612,7,8,15,38,384,62.76,130,69,218.1,-18.05,277.62,4.27,1.18,51.39,-50.21,33.46,270.07,-285.41,-296.21,147.77,-124.71,165.49,165.49
1612,8,19,15,14,273,58.51,131,70,141.63,10.7,82.45,7.05,18.26,46.16,-27.9,31.04,257.1,430.45,452.3,-153.63,65.65,280.02,280.02
1612,8,19,15,14,396,52.43,132,71,135.22,5.65,82.45,7.05,18.26,46.16,-27.9,31.04,257.1,381.3,424.67,-187.4,12.81,326.78,326.78
1612,8,19,15,14,338,24.4,133,72,105.39,16.7,82.45,7.05,18.26,46.16,-27.9,31.04,257.1,221.22,200.08,-9.79,94.87,488.12,488.12
1612,8,19,15,14,251,25.02,134,72,100.14,25.51,82.45,7.05,18.26,46.16,-27.9,31.04,257.1,210.66,146.98,83.75,172.59,485.7,485.7
1612,8,19,15,14,2203,4.11,135,73,82.82,11.14,82.45,7.05,18.26,46.16,-27.9,31.04,257.1,20.94,3.43,32.21,38.26,534.62,534.62
1612,8,19,15,14,653,26.43,136,74,56.7,14.85,82.45,7.05,18.26,46.16,-27.9,31.04,257.1,-161.92,-225.11,175.25,79.11,479.96,479.96
1612,8,19,15,14,81,50.53,137,75,33.66,27.77,82.45,7.05,18.26,46.16,-27.9,31.04,257.1,-217.29,-356.81,352.13,209.51,340.72,340.72
1612,8,19,15,14,304,56.28,138,76,132.95,-19.31,82.45,7.05,18.26,46.16,-27.9,31.04,257.1,244.16,390.32,-373,-215.39,297.58,297.58
1612,8,19,15,14,170,45.77,139,77,121.43,-17.72,82.45,7.05,18.26,46.16,-27.9,31.04,257.1,185.3,321.17,-336.39,-210.58,373.9,373.9
1612,8,19,15,14,63,38.48,140,78,110.61,-19.65,82.45,7.05,18.26,46.16,-27.9,31.04,257.1,101.27,238.2,-317.78,-233.45,419.59,419.59
1612,8,20,13,33,214,71.79,131,70,143.03,12.91,70.16,7.07,18.56,36.24,-17.68,47.22,233.11,505.56,498.8,-56.34,99.84,167.31,167.31
1612,8,20,13,33,211,67.12,132,71,137.78,6.08,70.16,7.07,18.56,36.24,-17.68,47.22,233.11,478.65,492.39,-119.65,31.35,208.17,208.17
1612,8,20,13,33,257,37.64,133,72,107.02,18.59,70.16,7.07,18.56,36.24,-17.68,47.22,233.11,326.34,304.46,21.31,119.4,424.04,424.04
1612,8,20,13,33,212,34.72,134,72,100.23,26.81,70.16,7.07,18.56,36.24,-17.68,47.22,233.11,285.51,239.48,107.17,188.82,440.18,440.18
1612,8,20,13,33,153,36.66,141,72,104.39,23.33,70.16,7.07,18.56,36.24,-17.68,47.22,233.11,312.26,276.62,68.82,160.39,429.55,429.55
1612,8,20,13,33,2293,11.81,135,73,81.01,12.09,70.16,7.07,18.56,36.24,-17.68,47.22,233.11,108.49,98.58,15.77,47.97,524.16,524.16
1612,8,20,13,33,385,16.45,136,74,55.83,15.64,70.16,7.07,18.56,36.24,-17.68,47.22,233.11,-96.78,-127.65,116.69,81.79,513.59,513.59
1612,8,20,13,33,153,43.48,137,75,31.02,30.5,70.16,7.07,18.56,36.24,-17.68,47.22,233.11,-208.97,-291.26,303.47,225.68,388.58,388.58
1612,8,20,13,33,191,70.6,138,76,136.65,-19.48,70.16,7.07,18.56,36.24,-17.68,47.22,233.11,379.71,462.93,-333.09,-202.05,177.86,177.86
1612,8,20,13,33,81,59.61,139,77,124.77,-18.49,70.16,7.07,18.56,36.24,-17.68,47.22,233.11,332.29,414.03,-320.83,-204.77,270.94,270.94
1612,8,20,13,33,100,50.65,140,78,114.08,-19.29,70.16,7.07,18.56,36.24,-17.68,47.22,233.11,267.09,350.57,-316.45,-220.39,339.54,339.54
1612,8,20,13,33,526,62.76,142,79,6.54,16.96,70.16,7.07,18.56,36.24,-17.68,47.22,233.11,-398.63,-458.87,260.38,127.03,245.07,245.07
1612,8,21,16,27,236,48.45,133,72,103.86,18.17,55.36,7.1,18.91,47.57,-28.66,17.42,269.98,394.62,381.81,-74.07,124.24,355.84,355.84
1612,8,21,16,27,93,44.78,134,72,97.91,26.39,55.36,7.1,18.91,47.57,-28.66,17.42,269.98,377.68,325,13.39,192.87,380.8,380.8
1612,8,21,16,27,1560,22.46,135,73,77.58,12.09,55.36,7.1,18.91,47.57,-28.66,17.42,269.98,198.78,198.38,-49.95,51.49,495.81,495.81
1612,8,21,16,27,86,9.01,136,74,51.72,15.38,55.36,7.1,18.91,47.57,-28.66,17.42,269.98,8.35,-32.79,83.64,77.4,529.87,529.87
1612,8,21,16,27,24,32.39,137,75,28.57,27.19,55.36,7.1,18.91,47.57,-28.66,17.42,269.98,-97.3,-215.04,270.38,190.6,453.06,453.06
1612,8,21,16,27,111,68.89,139,77,120.23,-18.53,55.36,7.1,18.91,47.57,-28.66,17.42,269.98,310.2,460.55,-392.77,-195.91,193.24,193.24
1612,8,21,16,27,93,61.86,140,78,110.9,-22.46,55.36,7.1,18.91,47.57,-28.66,17.42,269.98,244.59,408.82,-404.95,-238.06,253.04,253.04
1612,8,21,16,27,655,52.75,142,79,2.09,14.97,55.36,7.1,18.91,47.57,-28.66,17.42,269.98,-316.91,-415.37,286.28,99.25,324.73,324.73
1612,8,21,16,27,233,31.83,143,80,23.46,12.22,55.36,7.1,18.91,47.57,-28.66,17.42,269.98,-215.45,-277.03,183.46,57.67,455.81,455.81
1612,8,21,16,27,112,72.44,144,81,344.89,-11.14,55.36,7.1,18.91,47.57,-28.66,17.42,269.98,-495.07,-496.09,128.56,-124.59,161.88,161.88
1612,8,21,16,27,271,74.12,145,82,344.18,-16.01,55.36,7.1,18.91,47.57,-28.66,17.42,269.98,-508.62,-488.11,87.15,-167.43,146.79,146.79
